acc,site,afdb,aa,plddt,plddt10,asa,asa10,relasa,relasa10,dis,dis10,surf,surf10,sec,iso,phi,psi,omega,chi1,chi2,chi3,chi4,chi5,tau
A0JP26,1,1,M,43.69,39.0145,238,134.182,1.17241,0.829081,*,*,S,S,,,,118.167,,-70.6386,169.202,174.443,,,107.577
A0JP26,2,1,V,36.52,38.6358,127,133.167,0.769697,0.831086,*,*,S,S,,t,32.957300000000004,112.55,139.827,-145.303,,,,,116.276
A0JP26,3,1,A,37.56,38.6885,88,130.846,0.727273,0.832637,*,*,S,S,,,64.474,149.387,59.265,,,,,,111.966
A0JP26,4,1,E,39.03,38.2736,174,131.357,0.8130839999999999,0.832903,*,*,S,S,,c,-151.371,178.93,19.3847,-70.144,-174.907,64.7449,,,108.92
A0JP26,5,1,V,39.86,38.2853,121,136.467,0.733333,0.8376659999999999,*,*,S,S,,c,-155.162,178.463,-4.42748,107.953,,,,,110.942
A0JP26,6,1,C,34.95,38.0656,107,140.312,0.722973,0.839116,*,*,S,S,,t,-53.551,159.124,176.33,-49.5191,,,,,118.909
A0JP26,7,1,S,40.57,37.7624,118,139.529,0.825175,0.838267,*,*,S,S,,,177.445,147.241,106.863,-75.2092,,,,,115.212
A0JP26,8,1,M,38.57,37.4611,171,142.167,0.8423649999999999,0.837262,*,*,S,S,,t,-105.082,173.12,161.137,-60.6832,179.086,74.2278,,,109.763
A0JP26,9,1,P,43.41,37.0268,130,143.053,0.8441559999999999,0.837946,*,*,S,S,,,-144.566,-173.605,89.2508,37.1628,-19.0463,,,,114.688
A0JP26,10,1,A,35.67,36.8715,95,143.15,0.7851239999999999,0.8340069999999999,*,*,S,S,,t,-91.7013,161.609,-166.737,,,,,,116.053
A0JP26,11,1,A,39.33,36.5648,107,147.095,0.8842979999999999,0.834903,*,*,S,S,,t,-149.853,151.926,153.44,,,,,,110.035
A0JP26,12,1,S,34.47,35.9871,122,140.429,0.853147,0.811708,*,*,S,S,,t,-108.297,145.349,-171.08,54.5553,,,,,113.747
A0JP26,13,1,A,39.32,35.9752,103,144.524,0.8512400000000001,0.819155,*,*,S,S,,t,-157.329,116.967,162.037,,,,,,111.56
A0JP26,14,1,V,32.88,35.5995,138,149.238,0.836364,0.8283889999999999,*,*,S,S,,t,-86.2541,135.869,171.131,175.094,,,,,109.667
A0JP26,15,1,K,38.45,35.3448,208,144.619,0.9043479999999999,0.827471,*,*,S,S,,t,-157.464,143.099,155.841,-109.142,148.834,-169.065,177.038,,112.697
A0JP26,16,1,K,34.77,35.0052,198,147.905,0.86087,0.831888,*,*,S,S,P,t,-90.8284,169.979,179.664,-91.0118,-176.042,177.859,-176.903,,110.77
A0JP26,17,1,P,32.91,34.699,127,153.952,0.8246749999999999,0.839669,*,*,S,S,P,t,-78.4622,171.587,-151.614,30.9289,-36.4447,,,,115.936
A0JP26,18,1,F,32.34,34.4243,187,154.524,0.820175,0.842202,*,*,S,S,P,t,-71.5083,127.306,-172.907,-82.2491,-100.076,,,,114.782
A0JP26,19,1,D,29.21,34.0024,159,154.762,0.850267,0.84089,*,*,S,S,P,t,-72.9102,137.029,136.985,-110.414,-47.9445,,,,109.417
A0JP26,20,1,L,33.92,33.6338,145,157.81,0.759162,0.843461,*,*,S,S,,t,-154.654,91.9094,164.73,-119.991,177.743,,,,113.908
A0JP26,21,1,R,30.43,33.361,226,162.762,0.8528300000000001,0.841834,*,*,S,S,,t,-86.2509,120.026,172.397,-171.595,-177.417,-177.841,-169.07,3.25382,110.865
A0JP26,22,1,S,31.56,32.8671,98,165.048,0.685315,0.832097,*,*,S,S,,t,56.0951,121.367,159.363,62.6688,,,,,120.343
A0JP26,23,1,K,36.27,33.0062,213,164.095,0.926087,0.8230109999999999,*,*,S,S,,t,-159.762,169.562,137.669,-114.095,161.62,-172.208,173.573,,112.29
A0JP26,24,1,M,29.67,32.479,187,164.667,0.921182,0.819477,*,*,S,S,,t,-94.7484,150.081,-164.017,-60.981700000000004,142.965,70.1435,,,113.088
A0JP26,25,1,G,33.68,32.5833,77,164.619,0.7938139999999999,0.8237300000000001,*,*,S,S,,t,-141.745,153.319,168.027,,,,,,110.394
A0JP26,26,1,K,32.73,32.2548,190,166.857,0.826087,0.826488,*,*,S,S,,t,-142.469,154.049,-166.571,-119.009,-179.924,-178.259,177.368,,112.263
A0JP26,27,1,W,28.52,32.2419,234,161.333,0.8863639999999999,0.825749,*,*,S,S,,t,77.0541,124.884,166.033,-68.3582,25.5776,,,,118.186
A0JP26,28,1,C,34.8,32.3481,130,161.381,0.878378,0.8291029999999999,*,*,S,S,,,-154.568,160.507,99.6241,-128.087,,,,,110.923
A0JP26,29,1,H,29.71,32.4752,176,156.238,0.814815,0.8288300000000001,*,*,S,S,,t,-129.334,136.644,-175.199,-118.976,-65.6819,,,,109.094
A0JP26,30,1,H,35.67,32.6438,194,158.333,0.898148,0.83037,*,*,S,S,,t,-152.249,177.889,151.726,-103.236,-70.4796,,,,110.913
A0JP26,31,1,R,29.94,32.8643,199,157.238,0.7509429999999999,0.834845,*,*,S,S,,t,-153.225,163.608,-143.136,-166.672,-177.674,178.247,-159.981,-0.38540399999999997,113.363
A0JP26,32,1,F,28.96,32.9457,155,153.286,0.679825,0.830649,*,*,S,S,,t,89.9166,151.299,162.165,-74.5892,-55.3255,,,,118.552
A0JP26,33,1,P,37.39,33.2019,102,157.857,0.662338,0.8435229999999999,*,*,S,S,,t,-151.635,-140.037,-130.253,43.0776,-16.9237,,,,114.228
A0JP26,34,1,C,28.25,33.1043,115,151.0,0.7770269999999999,0.8332959999999999,*,*,S,S,,t,77.6494,114.314,157.754,-79.5906,,,,,119.514
A0JP26,35,1,C,35.07,33.3057,137,148.762,0.9256759999999999,0.83033,*,*,S,S,,,-144.89,146.808,123.202,-97.4275,,,,,109.993
A0JP26,36,1,R,31.55,33.4371,255,150.667,0.962264,0.831491,*,*,S,S,,t,-108.416,142.829,172.975,-80.6007,-179.092,168.341,-173.69,-2.82164,108.996
A0JP26,37,1,G,34.5,33.6024,82,145.095,0.8453609999999999,0.8279900000000001,*,*,S,S,,t,-147.054,133.859,166.106,,,,,,109.807
A0JP26,38,1,S,35.14,33.9633,128,141.143,0.8951049999999999,0.8242339999999999,*,*,S,S,,t,-120.599,132.876,-168.699,58.531,,,,,112.946
A0JP26,39,1,G,35.01,34.1162,79,143.143,0.814433,0.820326,*,*,S,S,,t,-143.228,135.171,165.684,,,,,,110.193
A0JP26,40,1,K,32.75,34.5552,203,141.0,0.882609,0.8148839999999999,*,*,S,S,,t,-116.529,140.006,-178.39,-65.3691,178.819,179.522,177.263,,110.881
A0JP26,41,1,S,38.55,34.6305,122,136.238,0.853147,0.796052,*,*,S,S,,t,-152.584,138.645,146.989,48.5934,,,,,108.944
A0JP26,42,1,N,32.14,35.11,143,131.048,0.764706,0.7902619999999999,*,*,S,S,,t,-104.176,143.168,-177.068,-65.4577,-9.3364,,,,110.349
A0JP26,43,1,M,36.94,35.4476,194,131.714,0.955665,0.793186,*,*,S,S,,t,178.957,139.75,135.263,-73.7339,-32.8981,167.927,,,106.258
A0JP26,44,1,G,34.22,35.4467,69,132.905,0.7113400000000001,0.791438,*,*,S,S,,c,-173.103,158.42,-7.6952300000000005,,,,,,110.099
A0JP26,45,1,T,33.9,35.8529,140,133.952,0.858896,0.782801,*,*,S,S,,t,-23.0453,150.992,166.279,45.829,,,,,117.751
A0JP26,46,1,S,36.44,35.8943,117,132.619,0.818182,0.7705639999999999,*,*,S,S,,c,-169.813,163.138,13.5094,39.8673,,,,,111.188
A0JP26,47,1,G,36.2,35.9848,73,126.19,0.7525769999999999,0.7546600000000001,*,*,S,S,,t,152.769,74.2845,165.875,,,,,,114.979
A0JP26,48,1,D,36.1,35.9286,151,131.571,0.807487,0.7494449999999999,*,*,S,S,,t,-78.0011,139.213,-179.831,-56.9068,-88.1157,,,,113.144
A0JP26,49,1,H,38.01,36.041,172,129.81,0.796296,0.737124,*,*,S,S,,t,-160.325,112.511,150.606,-99.9179,-66.1943,,,,112.046
A0JP26,50,1,D,38.93,36.2286,131,135.143,0.700535,0.7378859999999999,*,*,S,S,,t,58.3447,48.8776,144.985,-54.6806,-53.9967,,,,121.177
A0JP26,51,1,D,37.25,36.1748,94,133.714,0.502674,0.736439,.,*,S,S,T,t,-72.2082,44.0282,168.973,-174.58,45.3005,,,,114.108
A0JP26,52,1,S,40.01,35.8048,90,131.238,0.629371,0.730177,*,*,S,S,T,t,-91.686,-34.4182,-179.329,72.6755,,,,,113.526
A0JP26,53,1,F,36.05,35.7414,169,134.476,0.741228,0.737448,*,*,S,S,S,t,-81.8668,-27.2768,-174.328,-148.031,-99.4806,,,,113.854
A0JP26,54,1,M,37.37,35.4548,127,131.286,0.625616,0.732802,*,*,S,S,H,t,-69.4062,-19.8158,-177.184,-79.7911,-69.025,-163.926,,,114.475
A0JP26,55,1,K,36.78,35.3433,137,134.429,0.595652,0.7423649999999999,*,*,S,S,H,t,-76.6102,-24.7337,-173.989,-66.056,-175.872,172.548,87.6469,,113.001
A0JP26,56,1,T,35.94,35.21,109,135.905,0.668712,0.7391639999999999,*,*,S,S,H,t,-85.6789,-33.2712,-176.126,-50.3921,,,,,113.354
A0JP26,57,1,L,33.45,35.06,120,138.381,0.6282719999999999,0.7374600000000001,*,*,S,S,H,t,-79.0416,-21.884,-179.852,-86.604,162.781,,,,114.325
A0JP26,58,1,R,33.32,34.8552,195,138.476,0.735849,0.7257549999999999,*,*,S,S,T,t,-64.904,-8.519870000000001,-179.85,-163.659,173.431,-71.3816,-117.108,4.51433,113.975
A0JP26,59,1,S,37.5,34.72,91,141.0,0.6363639999999999,0.7299089999999999,*,*,S,S,T,t,-92.6262,-9.93882,-177.402,64.2114,,,,,115.638
A0JP26,60,1,K,38.95,34.7729,191,137.905,0.8304349999999999,0.725077,*,*,S,S,S,t,-119.39,-0.7555000000000001,-173.311,-73.9871,-175.245,176.447,178.793,,116.103
A0JP26,61,1,M,31.62,34.291,173,137.762,0.852217,0.7329019999999999,*,*,S,S,,t,-111.667,86.9957,171.642,-73.79,-171.949,172.267,,,110.825
A0JP26,62,1,G,30.78,33.821,70,139.143,0.721649,0.7485400000000001,*,*,S,S,,t,-83.0317,148.392,171.566,,,,,,112.504
A0JP26,63,1,K,30.81,33.5967,211,147.095,0.917391,0.764752,*,*,S,S,,t,73.9627,62.4156,170.321,-50.2044,-179.925,-178.238,-179.737,,117.602
A0JP26,64,1,C,30.92,33.4038,127,142.905,0.858108,0.769219,*,*,S,S,,t,-124.983,139.903,143.224,-71.1061,,,,,108.592
A0JP26,65,1,C,31.88,33.0629,135,143.0,0.9121619999999999,0.782385,*,*,S,S,,t,-74.7871,146.972,-176.47,-73.8698,,,,,112.449
A0JP26,66,1,H,31.1,32.8671,171,140.143,0.791667,0.7918219999999999,*,*,S,S,,t,-117.898,41.2628,-172.593,-135.573,-55.2318,,,,111.516
A0JP26,67,1,H,33.29,32.49,169,141.952,0.782407,0.8029229999999999,*,*,S,S,,t,-127.875,102.672,-178.472,-83.1258,12.5415,,,,110.864
A0JP26,68,1,C,31.9,32.6014,75,141.857,0.506757,0.812299,.,*,S,S,,t,-151.193,145.571,166.013,-85.0538,,,,,107.227
A0JP26,69,1,F,33.26,32.41,204,139.952,0.894737,0.8167289999999999,*,*,S,S,,t,67.7652,143.989,-171.61,-71.6736,-100.617,,,,116.675
A0JP26,70,1,P,39.12,32.3367,107,142.857,0.694805,0.830293,*,*,S,S,,c,-132.909,129.969,-15.5992,34.4808,-16.0628,,,,114.828
A0JP26,71,1,C,28.81,32.0124,128,137.333,0.864865,0.827568,*,*,S,S,,t,-113.811,71.1896,168.115,-74.9284,,,,,111.617
A0JP26,72,1,C,27.38,31.898600000000002,123,135.857,0.831081,0.82847,*,*,S,S,,t,-134.48,62.3704,174.598,-64.055,,,,,111.672
A0JP26,73,1,R,35.3,32.0767,257,138.571,0.969811,0.836397,*,*,S,S,,t,-151.323,143.663,168.551,-74.9183,-165.296,171.53,-174.069,-3.75098,110.887
A0JP26,74,1,G,32.0,32.2167,81,131.667,0.835052,0.825112,*,*,S,S,,t,110.661,78.2922,159.874,,,,,,116.089
A0JP26,75,1,S,30.21,32.2329,129,133.143,0.902098,0.824484,*,*,S,S,,t,-72.2838,128.165,150.49,50.8207,,,,,109.249
A0JP26,76,1,G,32.67,32.4381,77,135.143,0.7938139999999999,0.8200689999999999,*,*,S,S,,t,-174.168,123.481,176.761,,,,,,112.706
A0JP26,77,1,T,28.02,32.7114,147,133.952,0.901841,0.819549,*,*,S,S,,t,-103.062,123.986,-179.101,48.8271,,,,,111.577
A0JP26,78,1,S,35.79,33.069,118,131.095,0.825175,0.810048,*,*,S,S,,t,-161.716,152.454,160.92,53.1684,,,,,111.378
A0JP26,79,1,N,29.3,33.5271,155,131.619,0.828877,0.8145549999999999,*,*,S,S,,t,-99.2838,177.3,-168.318,-64.348,-27.4778,,,,113.946
A0JP26,80,1,V,35.96,33.6071,152,129.524,0.9212119999999999,0.805365,*,*,S,S,,t,82.0295,132.278,159.472,-165.223,,,,,117.104
A0JP26,81,1,G,32.14,33.7229,75,130.333,0.773196,0.8013669999999999,*,*,S,S,,t,149.129,77.5011,164.721,,,,,,115.579
A0JP26,82,1,T,29.23,34.2586,142,131.0,0.871166,0.789582,*,*,S,S,,t,-100.007,122.819,177.759,49.2592,,,,,113.194
A0JP26,83,1,S,34.52,34.7114,127,128.952,0.888112,0.773378,*,*,S,S,,t,179.791,149.255,151.598,55.3561,,,,,112.315
A0JP26,84,1,G,33.75,34.6848,66,119.81,0.680412,0.743402,*,*,S,S,,t,119.889,77.9592,154.019,,,,,,116.675
A0JP26,85,1,D,31.26,34.9457,158,125.333,0.8449200000000001,0.739038,*,*,S,S,,t,-70.5841,131.106,169.269,-58.2901,-83.2578,,,,112.204
A0JP26,86,1,H,36.19,35.53,177,123.571,0.819444,0.726717,*,*,S,S,,t,-148.303,149.95,166.369,-84.0411,-48.0398,,,,112.157
A0JP26,87,1,D,36.84,35.8857,146,128.0,0.7807489999999999,0.724113,*,*,S,S,,t,-66.9406,108.831,-156.588,-63.2781,-84.8082,,,,116.121
A0JP26,88,1,N,40.8,36.2681,109,127.048,0.582888,0.710959,*,*,S,S,T,t,-75.458,17.0732,-177.547,-126.781,-39.3182,,,,114.39
A0JP26,89,1,S,41.52,36.3252,86,124.476,0.601399,0.7030839999999999,*,*,S,S,H,t,-77.981,-54.9014,-178.422,178.038,,,,,111.968
A0JP26,90,1,F,34.94,36.9738,160,125.095,0.701754,0.698396,*,*,S,S,H,t,-64.9552,-37.3731,-175.395,-165.234,-109.539,,,,112.5
A0JP26,91,1,M,41.55,37.0038,124,129.238,0.610837,0.697639,*,*,S,S,H,t,-64.8701,-33.0672,176.283,-83.5954,-67.2424,-155.038,,,113.55
A0JP26,92,1,K,40.06,37.0571,142,129.619,0.617391,0.6875249999999999,*,*,S,S,H,t,-66.9174,-43.9509,176.198,-75.4134,172.811,-176.686,-178.549,,111.302
A0JP26,93,1,T,36.89,37.4619,80,127.476,0.49079799999999996,0.6772509999999999,.,*,S,S,H,t,-70.0041,-28.159,179.303,-53.9448,,,,,113.366
A0JP26,94,1,L,34.74,37.5476,65,127.762,0.340314,0.664281,.,*,S,S,H,t,-77.4105,-39.6361,169.319,-86.0491,165.235,,,,112.267
A0JP26,95,1,R,37.48,37.4833,197,128.286,0.743396,0.656655,*,*,S,S,H,t,-61.3503,-40.841,178.299,-172.21,175.639,-66.8862,-125.815,1.01785,112.081
A0JP26,96,1,S,42.48,37.529,92,129.19,0.643357,0.653388,*,*,S,S,H,t,-67.8101,-22.7668,176.166,59.7178,,,,,114.137
A0JP26,97,1,K,40.14,37.3143,170,126.286,0.7391300000000001,0.6502359999999999,*,*,S,S,H,t,-99.4691,-19.5624,177.96,-69.5218,-176.638,176.568,-179.714,,114.481
A0JP26,98,1,M,36.05,37.0276,127,124.095,0.625616,0.6452319999999999,*,*,S,S,H,t,-97.3179,-14.7897,174.872,-70.1297,-175.498,163.641,,,113.827
A0JP26,99,1,G,36.99,36.48,64,124.381,0.659794,0.654477,*,*,S,S,T,t,-57.6237,-25.2243,-174.908,,,,,,115.948
A0JP26,100,1,K,42.92,36.1538,168,129.095,0.730435,0.659082,*,*,S,S,T,t,-80.9005,-5.47075,-178.474,-71.2453,-159.967,172.247,-154.366,,115.608
A0JP26,101,1,W,36.59,35.911,239,125.095,0.905303,0.662975,*,*,S,S,S,t,-131.339,13.526,-164.424,-78.8713,70.0758,,,,117.091
A0JP26,102,1,C,33.26,35.4948,83,124.619,0.560811,0.6718500000000001,*,*,S,S,,t,-144.755,69.8492,-178.199,-160.257,,,,,115.352
A0JP26,103,1,C,37.73,35.1486,97,121.048,0.655405,0.675342,*,*,S,S,T,t,-73.2047,2.19866,-178.854,-48.4268,,,,,115.59
A0JP26,104,1,H,36.32,34.7933,133,126.19,0.615741,0.690894,*,*,S,S,T,t,-109.65,-1.58731,-167.119,-104.603,-50.7111,,,,116.007
A0JP26,105,1,C,32.4,34.7529,77,126.857,0.52027,0.7009949999999999,.,*,S,S,S,t,-116.25,-4.55629,-165.608,-68.9268,,,,,116.837
A0JP26,106,1,F,32.22,34.4033,177,125.095,0.776316,0.7063389999999999,*,*,S,S,,t,-148.747,102.981,-179.495,-94.5519,-82.8801,,,,114.078
A0JP26,107,1,P,31.68,34.2219,116,122.381,0.753247,0.685804,*,*,S,S,S,t,-127.244,31.7675,155.479,39.5112,-27.2894,,,,112.308
A0JP26,108,1,C,30.82,34.2257,100,117.048,0.6756759999999999,0.6790809999999999,*,*,S,S,,t,-137.838,60.4935,-174.203,-70.411,,,,,113.072
A0JP26,109,1,C,29.3,34.0243,115,117.857,0.7770269999999999,0.6913579999999999,*,*,S,S,,t,-162.951,30.6286,167.216,-122.142,,,,,117.126
A0JP26,110,1,R,34.67,34.6729,185,120.81,0.698113,0.682666,*,*,S,S,S,t,-90.129,109.408,146.867,-85.6389,-164.362,176.386,-159.961,3.14814,106.134
A0JP26,111,1,G,29.84,34.8614,76,115.333,0.783505,0.673902,*,*,S,S,,t,-68.4827,126.958,-179.533,,,,,,110.171
A0JP26,112,1,S,32.81,35.7195,114,109.0,0.797203,0.657785,*,*,S,S,,t,-72.7879,68.7471,167.723,44.872,,,,,110.143
A0JP26,113,1,G,32.79,37.1405,67,107.286,0.690722,0.639857,*,*,S,S,,t,-59.3305,108.917,166.279,,,,,,108.265
A0JP26,114,1,K,29.43,38.5486,188,106.667,0.817391,0.630038,*,*,S,S,,t,-75.0467,79.8873,-176.157,-63.6368,-179.052,-179.836,-179.363,,110.616
A0JP26,115,1,S,33.89,40.2662,79,102.333,0.5524479999999999,0.611412,*,*,S,S,,t,-68.2165,126.904,154.539,42.3344,,,,,108.117
A0JP26,116,1,N,30.14,42.381,160,100.762,0.855615,0.601289,*,*,S,S,S,t,-82.9016,51.4905,-177.053,-73.8179,-23.5832,,,,111.586
A0JP26,117,1,V,38.67,44.611,35,92.3333,0.212121,0.564322,.,*,C,S,S,t,-139.341,113.253,-176.801,-177.776,,,,,110.338
A0JP26,118,1,G,40.22,47.1095,58,87.1905,0.597938,0.5301239999999999,*,.,S,S,,t,72.3949,121.896,173.05,,,,,,114.58
A0JP26,119,1,T,31.82,49.2133,144,87.7143,0.883436,0.523987,*,.,S,S,,t,-75.4348,98.0803,172.987,-11.7616,,,,,109.84
A0JP26,120,1,W,50.61,51.3067,126,86.7143,0.477273,0.507902,.,.,S,S,,t,-72.4944,56.5583,174.2,-67.6577,88.6312,,,,112.377
A0JP26,121,1,G,46.88,53.4029,53,79.381,0.546392,0.48424399999999995,.,.,S,S,,t,-78.486,-34.5515,-164.461,,,,,,116.247
A0JP26,122,1,D,54.61,56.0576,106,80.7143,0.5668449999999999,0.46562299999999995,*,.,S,S,,t,-121.712,19.1854,-150.479,-54.2081,-7.79999,,,,115.41
A0JP26,123,1,Y,63.1,58.66,47,76.5238,0.18431399999999998,0.43251599999999996,.,.,C,S,,t,-97.4749,118.09,167.194,-162.026,-109.109,,,,110.068
A0JP26,124,1,D,67.3,61.0062,84,78.0476,0.449198,0.42145000000000005,.,.,S,S,,t,-106.398,99.1658,-176.926,-179.525,20.2349,,,,111.866
A0JP26,125,1,D,72.39,63.4824,42,71.0952,0.224599,0.394648,.,.,C,S,G,t,-69.2859,-3.78998,174.047,-72.5691,-50.5535,,,,114.409
A0JP26,126,1,S,76.81,65.7081,44,75.9524,0.30769199999999997,0.40086499999999997,.,.,S,S,G,t,-57.2278,-19.2728,179.708,78.5023,,,,,113.356
A0JP26,127,1,A,79.05,67.8529,0,75.9524,0.0,0.38887299999999997,.,.,C,S,G,t,-54.5963,-52.8439,168.506,,,,,,112.131
A0JP26,128,1,F,84.15,69.8438,8,81.2857,0.0350877,0.41148199999999996,.,.,C,S,T,t,-87.5664,-35.9914,-167.707,-51.6063,-78.1257,,,,113.609
A0JP26,129,1,M,75.0,71.751,111,80.4762,0.546798,0.393449,.,.,S,S,S,t,-61.5237,-23.6696,-167.486,-66.9935,-70.2284,178.583,,,115.821
A0JP26,130,1,E,73.26,74.37,94,73.8571,0.439252,0.352628,.,.,S,S,,t,-107.739,85.3238,176.079,-65.9437,-163.841,162.652,,,111.913
A0JP26,131,1,P,78.69,76.1514,31,69.4286,0.20129899999999998,0.338304,.,.,C,S,,t,-70.2563,-53.1592,-178.718,25.921,-33.3653,,,,112.472
A0JP26,132,1,R,85.59,78.1624,104,74.0476,0.392453,0.343341,.,.,S,S,S,t,-84.5854,148.143,-179.955,-63.9745,-172.367,-174.355,-77.4291,-6.41497,111.272
A0JP26,133,1,Y,87.46,79.8919,26,69.1905,0.101961,0.31734599999999996,.,.,C,S,P,t,-69.9925,139.467,179.188,-75.88,-66.1734,,,,112.992
A0JP26,134,1,H,82.06,81.2881,99,67.0952,0.458333,0.30923,.,.,S,S,P,t,-78.8074,116.151,164.38,-71.1945,114.287,,,,110.373
A0JP26,135,1,V,81.43,82.381,42,67.3333,0.25454499999999997,0.30383299999999996,.,.,S,S,,t,-134.477,129.984,-170.305,-178.366,,,,,111.737
A0JP26,136,1,R,80.63,83.27,181,65.4762,0.6830189999999999,0.29431799999999997,*,.,S,S,,t,-96.4363,146.252,164.319,-65.5637,-174.62,173.7,119.235,-0.652973,109.96
A0JP26,137,1,R,75.18,84.0367,160,63.381,0.6037739999999999,0.27966599999999997,*,.,S,S,T,t,-68.0192,-25.845,-174.553,-70.1973,-175.582,170.419,-162.815,-3.93243,112.598
A0JP26,138,1,E,80.48,84.6333,147,65.4286,0.686916,0.287422,*,.,S,S,T,t,-79.8422,-17.6205,-175.822,-56.275,67.5595,-145.377,,,112.023
A0JP26,139,1,D,80.27,84.7738,41,70.0476,0.219251,0.304691,.,.,C,S,S,t,-92.5962,-14.3082,-178.171,-69.5882,-33.5979,,,,113.689
A0JP26,140,1,L,86.82,85.3581,5,65.5238,0.026178,0.286507,.,.,C,S,,t,-100.021,141.224,179.741,-63.3495,-161.951,,,,111.991
A0JP26,141,1,D,88.02,85.72710000000001,33,70.381,0.176471,0.30617,.,.,C,S,,t,-82.5757,-172.014,172.236,88.3371,10.4657,,,,113.766
A0JP26,142,1,K,89.11,85.8143,150,70.381,0.6521739999999999,0.305531,*,.,S,S,H,t,-58.1654,-47.7798,179.528,-68.8105,-177.379,-178.412,176.47,,112.731
A0JP26,143,1,L,90.93,85.7695,4,68.8095,0.0209424,0.308797,.,.,C,S,H,t,-73.65,-43.4698,-177.081,178.296,64.7167,,,,110.548
A0JP26,144,1,H,92.42,85.5657,3,73.0952,0.0138889,0.324787,.,.,C,S,H,t,-57.9953,-41.1029,174.744,-64.4688,128.961,,,,111.846
A0JP26,145,1,R,90.25,85.7424,89,74.9048,0.335849,0.331326,.,.,S,S,H,t,-67.3107,-38.519800000000004,175.528,-75.1357,-174.847,-50.3425,-118.771,11.7067,113.065
A0JP26,146,1,A,91.06,85.929,3,75.5714,0.0247934,0.333465,.,.,C,S,H,t,-61.025,-49.5429,174.384,,,,,,111.038
A0JP26,147,1,A,92.91,86.0776,0,67.0476,0.0,0.301438,.,.,C,S,H,t,-65.2851,-35.304,177.838,,,,,,113.789
A0JP26,148,1,W,91.58,86.3933,43,61.2857,0.162879,0.282211,.,.,C,S,H,t,-66.5083,-40.2664,176.521,-178.499,-106.971,,,,113.055
A0JP26,149,1,W,87.1,86.4743,105,57.7619,0.397727,0.270569,.,.,S,S,H,t,-96.787,-17.6496,-174.417,-73.2717,-46.7922,,,,115.675
A0JP26,150,1,G,87.27,86.6781,16,57.9524,0.16494799999999998,0.270684,.,.,C,S,,t,68.053,-28.444,-176.98,,,,,,115.209
A0JP26,151,1,K,81.01,86.4938,196,58.0476,0.852174,0.271183,*,.,S,S,,t,-81.5155,55.0388,-171.836,-65.1525,168.387,-171.913,177.874,,112.652
A0JP26,152,1,V,80.52,86.1905,31,64.8095,0.187879,0.294226,.,.,C,S,S,t,-124.607,124.671,172.77,177.519,,,,,108.178
A0JP26,153,1,P,84.65,85.531,71,63.8571,0.461039,0.296274,.,.,S,S,,t,-55.1783,138.298,-179.587,-26.2649,35.2425,,,,112.117
A0JP26,154,1,R,83.18,85.0148,116,65.4762,0.43773599999999996,0.306378,.,.,S,S,H,t,-45.428,-41.8219,-176.422,-161.045,-176.043,168.838,86.3469,2.02233,112.615
A0JP26,155,1,K,85.77,84.7743,137,69.7143,0.595652,0.329144,*,.,S,S,H,t,-59.373,-42.8745,175.421,53.5665,149.407,-172.125,122.361,,114.73
A0JP26,156,1,D,85.35,84.5914,56,66.619,0.299465,0.318781,.,.,S,S,H,t,-78.2079,-35.4775,-173.961,-58.103,-33.1382,,,,110.074
A0JP26,157,1,L,83.75,84.5905,2,67.9524,0.0104712,0.325495,.,.,C,S,H,t,-65.6668,-41.5675,169.619,177.911,55.7943,,,,111.741
A0JP26,158,1,I,81.81,84.5519,39,72.4286,0.2,0.34495699999999996,.,.,C,S,H,t,-59.2372,-34.4755,171.848,-76.6007,166.048,,,,111.994
A0JP26,159,1,V,82.18,84.6386,73,76.0476,0.442424,0.35858399999999996,.,.,S,S,H,t,-69.0409,-48.0729,173.227,170.831,,,,,110.945
A0JP26,160,1,M,84.55,84.8686,45,71.8571,0.22167499999999998,0.343974,.,.,C,S,H,t,-56.0458,-37.355,176.353,-65.1044,-178.329,-147.733,,,112.459
A0JP26,161,1,L,82.95,85.0214,7,78.0952,0.0366492,0.366554,.,.,C,S,H,t,-77.301,4.35877,178.365,-67.5986,168.135,,,,114.715
A0JP26,162,1,R,81.65,85.4948,175,72.0476,0.660377,0.34132799999999996,*,.,S,S,H,t,-94.3591,-41.3729,163.995,-63.273,172.071,-158.719,-115.751,7.28943,111.226
A0JP26,163,1,D,75.26,86.1514,130,75.9048,0.695187,0.35557000000000005,*,.,S,S,H,t,-90.5073,-4.96093,-169.979,-53.2113,-20.0292,,,,113.437
A0JP26,164,1,T,80.09,86.6533,38,72.619,0.233129,0.33397499999999997,.,.,C,S,S,t,-133.044,140.676,-176.573,60.1535,,,,,112.351
A0JP26,165,1,D,87.37,87.2495,92,67.1905,0.491979,0.31371499999999997,.,.,S,S,,t,-60.2813,119.175,164.161,166.576,30.1064,,,,109.204
A0JP26,166,1,M,86.41,87.7033,24,60.6667,0.118227,0.28535000000000005,.,.,C,S,T,t,-64.8682,-26.0681,-178.908,-46.9268,-166.368,-59.3947,,,112.631
A0JP26,167,1,N,91.04,88.2638,31,58.0952,0.165775,0.27158899999999997,.,.,C,S,T,t,-89.3847,0.7953969999999999,-179.453,-46.2981,-70.7916,,,,111.959
A0JP26,168,1,K,92.1,88.9086,94,58.0,0.408696,0.27109,.,.,S,S,,t,-56.1471,132.188,178.742,-177.284,-179.038,175.265,-164.589,,110.243
A0JP26,169,1,R,93.4,89.5476,119,56.1429,0.449057,0.26156599999999997,.,.,S,S,,t,-99.2907,143.292,-175.585,-58.5106,-172.641,-166.06,-154.913,13.8889,111.641
A0JP26,170,1,D,91.93,90.2086,17,52.6667,0.09090909999999999,0.240498,.,.,C,C,,t,-82.2986,-175.335,170.503,76.709,-0.318,,,,112.374
A0JP26,171,1,K,90.48,90.7929,147,50.5238,0.6391300000000001,0.22994199999999998,*,.,S,C,T,t,-61.3913,-16.2313,178.087,-59.0937,-178.37,-168.256,169.679,,114.13
A0JP26,172,1,Q,90.95,91.3914,69,50.1905,0.32243000000000005,0.22819699999999998,.,.,S,C,T,t,-105.362,18.4716,175.424,-63.9009,-175.077,-0.571453,,,112.206
A0JP26,173,1,K,94.31,91.9619,112,43.4762,0.486957,0.20540899999999998,.,.,S,C,S,t,62.993,12.4325,-177.828,-65.9649,176.785,-164.92,165.553,,115.641
A0JP26,174,1,R,95.19,92.8438,2,38.4762,0.00754717,0.184577,.,.,C,C,,t,-81.5981,139.435,-176.433,-58.6081,173.761,-61.6888,-151.726,-3.48588,111.349
A0JP26,175,1,T,95.7,93.5733,2,38.0952,0.0122699,0.181115,.,.,C,C,,t,-85.6071,173.655,168.521,65.1782,,,,,111.156
A0JP26,176,1,A,95.3,93.9071,0,34.7619,0.0,0.165014,.,.,C,C,H,t,-53.8603,-42.9671,168.74,,,,,,111.93
A0JP26,177,1,L,97.12,94.1867,2,39.9048,0.0104712,0.18875699999999998,.,.,C,C,H,t,-56.7496,-47.999,-179.358,-166.863,69.8904,,,,111.722
A0JP26,178,1,H,97.29,94.3367,0,38.619,0.0,0.18201699999999998,.,.,C,C,H,t,-54.848,-39.0748,176.773,-72.0909,78.4196,,,,113.105
A0JP26,179,1,L,95.23,94.5195,0,34.1429,0.0,0.162555,.,.,C,C,H,t,-80.1302,-30.648,-176.153,-62.5229,174.774,,,,112.569
A0JP26,180,1,A,96.06,94.5533,0,30.619,0.0,0.15118499999999999,.,.,C,C,H,t,-74.29,-51.0276,173.252,,,,,,111.492
A0JP26,181,1,S,96.82,94.5819,0,30.0476,0.0,0.14810299999999998,.,.,C,C,H,t,-63.3932,-32.632,-179.549,-59.0096,,,,,113.181
A0JP26,182,1,A,95.52,94.7448,0,23.0952,0.0,0.117917,.,.,C,C,T,t,-76.8375,-5.24495,175.387,,,,,,114.686
A0JP26,183,1,N,93.63,94.9195,34,20.1429,0.18181799999999998,0.104308,.,.,C,C,T,t,-129.453,11.842600000000001,-176.119,-78.9366,-9.42436,,,,113.869
A0JP26,184,1,G,93.78,94.811,25,18.0,0.25773199999999996,0.0981814,.,.,S,C,T,t,66.7317,21.7878,177.634,,,,,,114.346
A0JP26,185,1,N,95.41,94.5576,30,22.5238,0.160428,0.115252,.,.,C,C,,t,-83.0666,65.5643,-176.7,-66.365,-43.6613,,,,110.758
A0JP26,186,1,S,94.38,94.2871,22,33.4762,0.15384599999999998,0.156357,.,.,C,C,H,t,-57.8682,-43.6022,-168.308,59.6112,,,,,114.454
A0JP26,187,1,E,92.28,94.1519,132,34.0,0.616822,0.15989599999999998,*,.,S,C,H,t,-52.8583,-32.7528,173.724,-69.2438,-171.87,-169.758,,,113.306
A0JP26,188,1,V,94.19,94.0971,4,39.2381,0.024242399999999997,0.18432,.,.,C,C,H,t,-82.7421,-36.9147,178.6,-175.971,,,,,111.335
A0JP26,189,1,V,95.94,94.029,0,40.4762,0.0,0.190802,.,.,C,C,H,t,-59.4303,-54.0375,171.68,175.051,,,,,109.351
A0JP26,190,1,Q,94.11,94.0986,45,43.7619,0.21028000000000002,0.208373,.,.,C,C,H,t,-53.1317,-46.4705,176.689,-172.309,61.1654,53.7669,,,111.901
A0JP26,191,1,L,92.53,94.1457,5,44.0,0.026178,0.209816,.,.,C,C,H,t,-62.2651,-29.5302,177.952,-95.9457,177.577,,,,115.206
A0JP26,192,1,L,93.9,94.1729,1,46.8095,0.0052356,0.224525,.,.,C,C,H,t,-79.9059,-32.7985,176.28,-69.631,165.86,,,,110.993
A0JP26,193,1,L,94.62,94.1748,7,47.3333,0.0366492,0.227326,.,.,C,C,H,t,-72.7734,-46.2398,175.086,-63.9665,176.881,,,,111.986
A0JP26,194,1,D,92.03,94.1876,67,49.4286,0.35828899999999997,0.238531,.,.,S,C,T,t,-45.1255,-36.0829,170.869,-71.6591,-13.3629,,,,111.627
A0JP26,195,1,R,89.87,94.169,97,51.0952,0.366038,0.23868000000000003,.,.,S,C,T,t,-97.3069,5.50531,-175.696,-68.648,179.774,165.639,-91.2005,-20.0672,114.695
A0JP26,196,1,R,90.02,94.1971,232,55.381,0.8754719999999999,0.255886,*,.,S,S,T,t,59.6674,49.3123,179.545,-51.4358,-179.989,-178.731,-175.329,-0.9085059999999999,113.695
A0JP26,197,1,C,92.46,94.3143,11,54.4286,0.0743243,0.248919,.,.,C,C,,t,-64.0834,159.86,168.442,72.5893,,,,,112.29
A0JP26,198,1,Q,95.97,94.5757,112,48.1905,0.5233639999999999,0.21983899999999998,.,.,S,C,,t,-75.9333,111.903,177.647,-64.7056,176.303,2.67948,,,110.623
A0JP26,199,1,L,95.86,94.7462,26,48.0,0.136126,0.218684,.,.,C,C,T,t,-70.8453,-46.9899,-176.659,-47.0915,-175.816,,,,112.15
A0JP26,200,1,N,96.69,94.8605,69,48.0952,0.368984,0.219183,.,.,S,C,T,t,-85.6317,28.3017,-170.705,-64.4164,-7.3966,,,,112.977
A0JP26,201,1,V,97.05,95.0314,5,46.0,0.030303,0.209414,.,.,C,C,,t,-73.0167,144.343,173.202,175.482,,,,,109.704
A0JP26,202,1,L,97.39,95.2262,59,45.9524,0.308901,0.208995,.,.,S,C,,t,-106.42,133.902,-179.219,-49.6473,-174.597,,,,112.334
A0JP26,203,1,D,95.56,95.3852,11,45.9048,0.0588235,0.208746,.,.,C,C,,t,-77.4362,-172.876,169.0,83.0912,-7.3379,,,,113.124
A0JP26,204,1,N,93.9,95.5095,78,45.619,0.417112,0.207289,.,.,S,C,T,t,-61.9023,-29.327,177.063,-96.9931,2.99344,,,,114.327
A0JP26,205,1,K,93.39,95.6729,60,42.6667,0.26087000000000005,0.19134099999999998,.,.,S,C,T,t,-90.5565,13.7419,175.525,-65.472,-154.586,157.929,-156.389,,112.726
A0JP26,206,1,K,96.0,95.8767,120,38.6667,0.521739,0.178093,.,.,S,C,S,t,58.1978,20.0347,-171.331,-57.3342,-172.873,177.094,-172.21,,115.442
A0JP26,207,1,R,96.84,96.0862,2,31.9048,0.00754717,0.156431,.,.,C,C,,t,-82.2211,145.615,178.768,-62.495,178.582,-174.475,175.429,10.3415,110.187
A0JP26,208,1,T,97.77,96.2714,1,33.0476,0.00613497,0.16068000000000002,.,.,C,C,,t,-86.8575,167.742,167.736,59.2545,,,,,110.886
A0JP26,209,1,A,97.77,96.2248,0,31.0476,0.0,0.153583,.,.,C,C,H,t,-58.321,-34.2563,170.579,,,,,,112.373
A0JP26,210,1,L,98.34,96.2262,2,33.9524,0.0104712,0.16646000000000002,.,.,C,C,H,t,-64.4184,-50.4978,175.767,174.599,61.4543,,,,111.982
A0JP26,211,1,I,97.7,96.2457,1,30.7143,0.00512821,0.14921099999999998,.,.,C,C,H,t,-55.5878,-39.5382,174.571,-72.9808,162.39,,,,110.606
A0JP26,212,1,K,96.62,96.2848,4,30.4762,0.0173913,0.14776799999999998,.,.,C,C,H,t,-70.1859,-38.0958,178.021,-67.0927,-53.1238,-51.1274,174.316,,114.032
A0JP26,213,1,A,97.24,96.2724,0,28.2857,0.0,0.136299,.,.,C,C,H,t,-63.3609,-47.2157,174.911,,,,,,111.171
A0JP26,214,1,V,97.23,96.3443,1,28.4286,0.00606061,0.136782,.,.,C,C,H,t,-62.1722,-44.5887,175.6,177.002,,,,,111.315
A0JP26,215,1,Q,95.46,96.5329,5,24.7143,0.0233645,0.11692000000000001,.,.,C,C,H,t,-63.2666,-34.3533,178.502,-168.366,-177.341,12.0544,,,112.253
A0JP26,216,1,C,94.15,96.7105,13,22.1905,0.0878378,0.10624299999999999,.,.,C,C,H,t,-85.6546,-8.04462,177.486,-72.8849,,,,,114.893
A0JP26,217,1,Q,94.42,96.7186,90,20.0476,0.42056099999999996,0.0980868,.,.,S,C,T,t,58.3468,49.987,-172.827,-59.2111,165.037,28.2886,,,112.017
A0JP26,218,1,E,96.35,96.7143,35,23.9048,0.163551,0.11602499999999999,.,.,C,C,,t,-105.277,67.1332,-179.639,-53.2207,-75.3134,-167.07,,,109.292
A0JP26,219,1,D,94.99,96.6005,70,26.381,0.374332,0.141752,.,.,S,C,H,t,-56.7711,-43.1599,-158.963,-47.3113,-31.9745,,,,114.623
A0JP26,220,1,E,95.89,96.5776,87,26.8571,0.40654199999999996,0.14568699999999998,.,.,S,C,H,t,-56.1106,-38.3345,174.521,-172.298,-173.036,161.136,,,111.731
A0JP26,221,1,C,97.1,96.5276,1,29.619,0.0067567600000000005,0.160468,.,.,C,C,H,t,-74.3515,-23.6257,175.589,-66.3693,,,,,112.898
A0JP26,222,1,V,97.87,96.4619,0,29.8571,0.0,0.16316899999999998,.,.,C,C,H,t,-74.3589,-49.2829,173.122,178.809,,,,,110.594
A0JP26,223,1,L,97.13,96.5305,13,32.5238,0.06806279999999999,0.17762000000000003,.,.,C,C,H,t,-56.6644,-52.6976,-178.86,-67.6771,175.912,,,,111.277
A0JP26,224,1,M,97.07,96.5671,14,34.0952,0.0689655,0.18567799999999998,.,.,C,C,H,t,-56.6013,-37.5058,176.8,-70.0193,-174.318,-68.4533,,,113.294
A0JP26,225,1,L,97.86,96.5762,0,38.1429,0.0,0.20452599999999999,.,.,C,C,H,t,-67.9572,-42.031,177.911,-77.8439,171.797,,,,111.786
A0JP26,226,1,L,97.12,96.6124,7,38.1905,0.0366492,0.20494199999999999,.,.,C,C,H,t,-68.4515,-43.1663,178.731,-68.0213,175.296,,,,111.722
A0JP26,227,1,E,96.17,96.671,75,40.5238,0.350467,0.214555,.,.,S,C,H,t,-56.7241,-34.6188,173.896,-72.1173,167.062,-178.134,,,112.966
A0JP26,228,1,H,96.75,96.6529,83,38.2857,0.38425899999999996,0.202558,.,.,S,C,T,t,-87.092,2.62395,176.754,-70.2546,74.7439,,,,113.752
A0JP26,229,1,G,95.38,96.6252,53,36.6667,0.546392,0.195261,.,.,S,C,T,t,85.718,32.7843,175.198,,,,,,115.315
A0JP26,230,1,A,97.29,96.729,10,33.4762,0.0826446,0.1782,.,.,C,C,,t,-67.5583,134.126,169.08,,,,,,110.91
A0JP26,231,1,D,97.29,96.8357,60,29.3333,0.320856,0.15884,.,.,S,C,,t,-81.8936,112.532,-174.732,-178.564,1.60762,,,,111.636
A0JP26,232,1,G,96.32,96.8829,6,29.3333,0.0618557,0.158912,.,.,C,C,T,t,-72.2156,-15.6008,177.544,,,,,,115.089
A0JP26,233,1,N,98.06,96.9048,60,29.3333,0.320856,0.158912,.,.,S,C,T,t,-91.0904,-8.11143,-175.068,-61.9894,-53.9274,,,,113.705
A0JP26,234,1,I,98.01,96.9462,33,28.7143,0.169231,0.155671,.,.,C,C,,t,-60.388,132.749,173.051,-66.491,175.217,,,,109.576
A0JP26,235,1,Q,97.42,96.9605,86,28.0952,0.401869,0.152574,.,.,S,C,,t,-98.3017,139.77,179.917,-69.8002,-167.582,-14.2371,,,112.442
A0JP26,236,1,D,96.22,96.9433,6,28.0952,0.0320856,0.152574,.,.,C,C,,t,-78.7108,-173.428,172.495,86.8602,-15.5908,,,,113.596
A0JP26,237,1,E,95.38,96.9643,62,27.7619,0.28972000000000003,0.150829,.,.,S,C,T,t,-62.7268,-13.9846,-179.408,72.6373,-173.609,161.04,,,114.601
A0JP26,238,1,Y,94.04,96.9433,43,25.8571,0.168627,0.140676,.,.,C,C,T,t,-102.038,-1.65896,176.368,-53.9957,-94.4566,,,,112.499
A0JP26,239,1,G,95.77,96.7914,1,23.8571,0.010309299999999999,0.132818,.,.,C,C,S,t,84.9039,3.30773,-174.508,,,,,,113.863
A0JP26,240,1,N,97.17,96.789,3,24.6667,0.0160428,0.122376,.,.,C,C,,t,-79.0263,126.52,-176.472,-69.2308,-46.5554,,,,110.272
A0JP26,241,1,T,98.13,96.6829,0,25.8095,0.0,0.127098,.,.,C,C,,t,-81.1822,171.763,169.539,62.0964,,,,,111.012
A0JP26,242,1,A,98.09,96.5962,1,25.5714,0.00826446,0.123207,.,.,C,C,H,t,-55.8543,-37.0176,175.561,,,,,,112.213
A0JP26,243,1,L,98.33,96.5271,0,28.7143,0.0,0.138212,.,.,C,C,H,t,-62.7468,-38.6704,178.078,-177.049,56.684,,,,112.43
A0JP26,244,1,H,98.0,96.4733,0,26.4286,0.0,0.125748,.,.,C,C,H,t,-58.6638,-39.9974,175.665,-71.6026,72.561,,,,111.943
A0JP26,245,1,Y,97.37,96.4491,1,24.8571,0.00392157,0.11768899999999999,.,.,C,C,H,t,-67.8057,-37.683,176.89,-77.3956,-84.0727,,,,112.599
A0JP26,246,1,A,97.5,96.3862,0,21.5238,0.0,0.101865,.,.,C,C,H,t,-64.7225,-43.9721,174.301,,,,,,112.025
A0JP26,247,1,I,97.56,96.3852,0,21.381,0.0,0.101518,.,.,C,C,H,t,-62.3415,-46.5295,175.186,-62.932,-53.9993,,,,111.527
A0JP26,248,1,Y,95.73,96.5019,35,18.4762,0.137255,0.0879711,.,.,C,C,H,t,-59.0963,-39.8652,176.626,-175.455,-83.3168,,,,111.527
A0JP26,249,1,N,93.56,96.6552,41,18.3333,0.219251,0.0899138,.,.,C,C,T,t,-69.6353,-8.87265,174.634,-75.402,-15.0786,,,,114.125
A0JP26,250,1,E,95.33,96.6852,70,23.0952,0.327103,0.114604,.,.,S,C,T,t,59.6945,26.2475,-168.978,-164.531,159.723,-155.095,,,113.502
A0JP26,251,1,D,95.06,96.6786,34,27.1429,0.18181799999999998,0.130273,.,.,C,C,,t,-88.6546,94.9576,-177.655,-164.914,-28.4015,,,,111.809
A0JP26,252,1,K,95.47,96.5729,55,29.4286,0.23913,0.153837,.,.,C,C,H,t,-60.2962,-37.5376,175.259,-170.433,-162.402,71.6887,175.785,,112.84
A0JP26,253,1,L,94.87,96.5567,72,29.8571,0.376963,0.157379,.,.,S,C,H,t,-74.3774,-44.6008,-175.911,-62.8104,178.026,,,,109.926
A0JP26,254,1,M,96.93,96.541,12,33.4286,0.0591133,0.176478,.,.,C,C,H,t,-64.6253,-43.1062,175.621,-167.933,53.3803,61.0936,,,112.139
A0JP26,255,1,A,97.5,96.5357,0,35.0,0.0,0.18453599999999998,.,.,C,C,H,t,-59.7993,-41.3368,174.672,,,,,,111.767
A0JP26,256,1,K,96.1,96.5638,16,37.5714,0.0695652,0.19658799999999998,.,.,C,C,H,t,-67.6734,-42.128,176.197,179.429,178.328,152.934,-156.496,,113.023
A0JP26,257,1,A,96.2,96.5648,3,37.9524,0.0247934,0.19925199999999998,.,.,C,C,H,t,-59.8937,-46.8326,174.46,,,,,,110.832
A0JP26,258,1,L,97.83,96.5257,1,42.3333,0.0052356,0.21830000000000002,.,.,C,C,H,t,-59.7843,-41.8259,177.199,-70.0294,165.122,,,,112.586
A0JP26,259,1,L,97.26,96.501,40,41.0952,0.209424,0.214055,.,.,C,C,H,t,-64.4779,-38.34,174.945,-70.2787,172.382,,,,112.633
A0JP26,260,1,L,96.4,96.5057,101,46.0476,0.5287959999999999,0.23363599999999998,.,.,S,C,H,t,-61.9114,-37.1137,176.538,-178.652,63.7346,,,,112.134
A0JP26,261,1,Y,97.03,96.2271,88,43.619,0.34509799999999996,0.22417299999999998,.,.,S,C,T,t,-89.9784,23.3332,174.49,-70.2507,-95.2115,,,,113.441
A0JP26,262,1,G,95.91,96.1462,48,42.6667,0.494845,0.222387,.,.,S,C,T,t,81.6087,26.6431,167.303,,,,,,116.229
A0JP26,263,1,A,97.75,96.1786,10,40.2381,0.0826446,0.211997,.,.,C,C,,t,-68.3464,137.281,168.163,,,,,,111.82
A0JP26,264,1,D,98.0,96.3129,75,36.8095,0.40107000000000004,0.194047,.,.,S,C,,t,-77.36,112.887,-179.943,173.71,19.2747,,,,111.555
A0JP26,265,1,I,97.89,96.3557,33,36.2381,0.169231,0.19123199999999999,.,.,C,C,T,t,-67.6587,-20.3682,178.951,-159.487,169.125,,,,113.363
A0JP26,266,1,E,97.96,96.3757,55,36.2381,0.257009,0.19123199999999999,.,.,S,C,T,t,-103.891,2.87646,179.038,-63.04,-53.7194,138.899,,,113.413
A0JP26,267,1,S,97.52,96.4271,8,35.4762,0.0559441,0.187919,.,.,C,C,,t,-55.5339,130.849,179.846,55.1427,,,,,111.061
A0JP26,268,1,K,96.74,96.4333,92,35.3333,0.4,0.186739,.,.,S,C,,t,-104.304,129.926,-178.341,-69.9966,-168.202,177.273,-159.187,,112.902
A0JP26,269,1,N,95.21,96.3829,9,35.2857,0.0481283,0.186489,.,.,C,C,,t,-76.4012,177.421,167.502,70.896,19.4488,,,,112.441
A0JP26,270,1,K,93.66,96.3419,145,33.381,0.630435,0.17651699999999998,*,.,S,C,T,t,-63.135,-10.0633,179.739,-73.1328,-178.366,174.472,178.72,,114.675
A0JP26,271,1,C,89.48,96.249,19,29.7143,0.128378,0.156627,.,.,C,C,T,t,-94.3606,3.1709,174.18,-58.3406,,,,,112.537
A0JP26,272,1,G,93.36,96.099,14,26.2381,0.14433,0.143532,.,.,C,C,S,t,74.0486,2.29009,-177.452,,,,,,113.647
A0JP26,273,1,L,96.15,96.0714,4,27.3333,0.0209424,0.135766,.,.,C,C,,t,-74.1333,131.547,177.284,-55.0974,179.403,,,,109.119
A0JP26,274,1,T,97.69,95.9462,0,28.619,0.0,0.139491,.,.,C,C,,t,-81.6942,168.236,159.411,66.6367,,,,,109.513
A0JP26,275,1,P,97.83,95.7719,0,28.4286,0.0,0.136192,.,.,C,C,H,t,-40.9357,-41.7982,165.196,-35.5532,35.9499,,,,114.632
A0JP26,276,1,L,97.92,95.6262,0,32.4762,0.0,0.15439,.,.,C,C,H,t,-67.5964,-49.3617,177.798,-179.789,65.536,,,,112.066
A0JP26,277,1,L,97.18,95.5457,0,29.8571,0.0,0.142152,.,.,C,C,H,t,-65.8388,-33.2065,-178.756,-55.2359,-178.993,,,,111.801
A0JP26,278,1,L,96.33,95.5329,0,29.4762,0.0,0.139488,.,.,C,C,H,t,-65.3892,-46.6466,171.241,178.711,60.125,,,,111.816
A0JP26,279,1,G,96.77,95.5333,0,30.0476,0.0,0.141972,.,.,C,C,H,t,-59.7333,-35.9811,176.902,,,,,,112.626
A0JP26,280,1,V,96.4,95.6143,0,30.0476,0.0,0.14156000000000002,.,.,C,C,H,t,-68.7906,-48.326,173.968,173.014,,,,,111.495
A0JP26,281,1,H,94.45,95.79,24,23.1429,0.111111,0.111539,.,.,C,C,H,t,-57.1106,-48.0883,179.134,-171.772,-88.0501,,,,111.991
A0JP26,282,1,E,93.88,96.1181,15,23.0952,0.0700935,0.10982199999999999,.,.,C,C,T,t,-78.4743,-2.89598,178.893,-68.4357,-46.9076,108.295,,,114.13
A0JP26,283,1,Q,95.33,96.2357,71,26.0952,0.33177599999999996,0.118891,.,.,S,C,T,t,63.2407,31.7046,177.581,-46.9408,179.837,23.2476,,,113.679
A0JP26,284,1,K,95.12,96.1995,37,29.5714,0.16087,0.13383599999999998,.,.,C,C,,t,-84.7522,72.7181,-174.248,-54.5611,-44.8412,-163.821,81.21,,111.5
A0JP26,285,1,Q,94.34,96.0419,71,38.0476,0.33177599999999996,0.17068899999999998,.,.,S,C,H,t,-51.5211,-35.9789,-169.346,-170.682,179.851,-15.779,,,113.876
A0JP26,286,1,Q,94.83,95.971,118,38.2857,0.551402,0.172656,*,.,S,C,H,t,-69.9421,-45.3578,-177.69,-62.4791,-58.3931,-29.2364,,,112.402
A0JP26,287,1,V,96.27,95.8833,0,41.8571,0.0,0.19175499999999998,.,.,C,C,H,t,-75.8169,-28.8922,178.43,-64.3999,,,,,112.265
A0JP26,288,1,V,97.25,95.7748,0,43.5238,0.0,0.200481,.,.,C,C,H,t,-61.1294,-48.7896,168.886,171.992,,,,,110.774
A0JP26,289,1,K,96.75,95.6648,104,48.8571,0.45217399999999996,0.22900099999999998,.,.,S,C,H,t,-60.9956,-35.1918,176.389,-172.225,172.637,-177.711,174.604,,112.36
A0JP26,290,1,F,96.91,95.59,9,49.0952,0.0394737,0.23096899999999998,.,.,C,C,H,t,-67.6516,-45.3656,174.652,169.608,-103.064,,,,112.961
A0JP26,291,1,L,97.35,95.5433,0,52.6667,0.0,0.249668,.,.,C,C,H,t,-65.2263,-38.632,178.223,-71.661,174.09,,,,112.184
A0JP26,292,1,I,96.37,95.471,18,52.0952,0.09230769999999999,0.24743199999999999,.,.,C,C,H,t,-57.8684,-48.7822,170.614,-67.6015,168.109,,,,110.172
A0JP26,293,1,K,95.83,95.4252,77,56.2381,0.334783,0.262424,.,.,S,S,H,t,-59.924,-36.4584,175.959,-83.8899,-173.087,167.148,-169.804,,113.732
A0JP26,294,1,K,95.39,95.2619,77,56.8571,0.334783,0.26231099999999996,.,.,S,S,T,t,-84.9252,20.8854,174.79,-63.5515,-65.2988,-173.193,-177.993,,113.073
A0JP26,295,1,K,94.38,95.1867,178,55.5714,0.773913,0.25956,*,.,S,S,T,t,59.9178,34.2044,172.274,-57.7709,-174.672,178.608,-177.951,,115.257
A0JP26,296,1,A,96.34,95.1929,5,53.3333,0.0413223,0.248074,.,.,C,C,,t,-59.4898,147.662,170.556,,,,,,112.112
A0JP26,297,1,N,96.08,95.2286,75,48.2857,0.40107000000000004,0.225322,.,.,S,C,,t,-71.6337,102.734,-172.6,-176.799,7.00191,,,,112.529
A0JP26,298,1,L,94.9,95.2257,35,48.381,0.183246,0.22610899999999998,.,.,C,C,T,t,-63.6489,-22.888,178.093,-48.5035,-174.475,,,,113.119
A0JP26,299,1,N,94.02,95.1991,112,48.5714,0.5989300000000001,0.227106,*,.,S,C,T,t,-89.7113,7.89317,178.595,-57.7472,-30.0018,,,,112.565
A0JP26,300,1,A,95.2,95.1295,5,43.6667,0.0413223,0.205818,.,.,C,C,,t,-62.3244,133.348,172.726,,,,,,110.964
A0JP26,301,1,L,95.42,94.9933,75,43.2381,0.39267,0.20393899999999998,.,.,S,C,,t,-106.718,142.201,178.091,-51.9684,-175.725,,,,111.903
A0JP26,302,1,D,92.93,94.9157,12,43.2381,0.0641711,0.20393899999999998,.,.,C,C,,t,-79.543,-174.815,171.555,82.5446,-13.4522,,,,112.959
A0JP26,303,1,R,92.92,94.8709,102,42.381,0.38490599999999997,0.199543,.,.,S,C,T,t,-62.0174,-12.1415,177.611,69.191,154.252,64.7123,131.244,2.29979,115.288
A0JP26,304,1,Y,91.9,94.7024,84,39.3333,0.329412,0.18778399999999998,.,.,S,C,T,t,-107.345,6.78291,178.469,-55.547,-68.1828,,,,112.329
A0JP26,305,1,G,93.54,94.4729,10,36.6667,0.10309299999999999,0.17859899999999998,.,.,C,C,,t,75.2189,12.5862,-176.206,,,,,,114.043
A0JP26,306,1,R,94.47,94.3871,24,29.7143,0.090566,0.15745499999999998,.,.,C,C,,t,-80.4884,129.999,-176.799,-60.2859,179.003,-59.5458,171.955,3.91397,110.112
A0JP26,307,1,T,95.58,94.271,12,29.9524,0.0736196,0.15881699999999999,.,.,C,C,,t,-71.5092,166.529,171.016,65.1618,,,,,111.277
A0JP26,308,1,A,96.21,94.24,2,27.8095,0.0165289,0.151525,.,.,C,C,H,t,-53.2822,-36.7663,171.266,,,,,,112.714
A0JP26,309,1,L,96.69,94.2752,4,28.4286,0.0209424,0.15878299999999998,.,.,C,C,H,t,-68.402,-46.4739,177.564,-176.656,66.2457,,,,111.818
A0JP26,310,1,I,95.29,94.3971,1,23.0952,0.00512821,0.130263,.,.,C,C,H,t,-59.3108,-45.6567,176.801,-65.1817,171.395,,,,109.745
A0JP26,311,1,L,94.05,94.4624,0,22.8571,0.0,0.128295,.,.,C,C,H,t,-58.1388,-46.8664,175.011,-70.0457,178.689,,,,112.539
A0JP26,312,1,A,95.72,94.4676,0,22.2381,0.0,0.125384,.,.,C,C,H,t,-61.8719,-41.0427,-178.824,,,,,,112.466
A0JP26,313,1,V,95.43,94.5852,0,22.3333,0.0,0.125819,.,.,C,C,H,t,-64.3868,-49.9055,172.814,173.336,,,,,111.18
A0JP26,314,1,C,92.29,94.7167,13,17.5238,0.0878378,0.10774,.,.,C,C,H,t,-60.2195,-32.5344,-178.283,-70.02,,,,,111.656
A0JP26,315,1,C,90.57,94.8386,21,13.9048,0.141892,0.0940477,.,.,C,C,T,t,-79.9138,-5.46486,174.01,-64.3793,,,,,114.276
A0JP26,316,1,G,92.58,94.8129,32,18.619,0.329897,0.113393,.,.,S,C,T,t,72.6082,15.1008,-177.988,,,,,,115.145
A0JP26,317,1,S,93.9,94.7433,10,21.5714,0.0699301,0.128217,.,.,C,C,,t,-89.9898,82.6766,-170.847,-167.504,,,,,112.497
A0JP26,318,1,A,95.43,94.3281,30,25.7619,0.247934,0.150176,.,.,C,C,H,t,-56.4607,-32.1949,-179.903,,,,,,113.918
A0JP26,319,1,S,95.64,94.0852,48,26.4762,0.33566399999999996,0.154295,.,.,S,C,H,t,-72.0721,-34.5086,177.582,62.2818,,,,,113.125
A0JP26,320,1,I,96.58,93.8443,0,29.6667,0.0,0.171378,.,.,C,C,H,t,-76.2986,-37.4596,174.078,-65.6666,176.131,,,,110.752
A0JP26,321,1,V,96.57,93.709,0,31.3333,0.0,0.181523,.,.,C,C,H,t,-54.486,-50.3617,170.395,168.7,,,,,110.353
A0JP26,322,1,N,95.53,93.6271,62,35.381,0.331551,0.209828,.,.,S,C,H,t,-60.9839,-45.6907,178.387,-174.476,82.7092,,,,112.631
A0JP26,323,1,L,95.4,93.5019,14,37.2381,0.0732984,0.22281499999999999,.,.,C,C,H,t,-59.2859,-31.8636,176.079,-76.8092,171.126,,,,113.685
A0JP26,324,1,L,95.68,93.4895,1,43.1429,0.0052356,0.25040799999999996,.,.,C,S,H,t,-78.2024,-41.4538,176.619,-70.1249,169.622,,,,111.659
A0JP26,325,1,L,94.46,93.5762,8,43.2857,0.0418848,0.250299,.,.,C,S,H,t,-62.31,-33.5839,176.072,-66.3503,172.638,,,,111.976
A0JP26,326,1,E,93.0,93.761,109,49.0,0.509346,0.278696,.,.,S,S,T,t,-58.1819,-21.1677,171.174,-76.1836,169.476,-174.036,,,113.847
A0JP26,327,1,Q,93.01,93.7948,86,51.0952,0.401869,0.28829499999999997,.,.,S,S,T,t,-92.6532,9.40105,179.23,-52.59,-53.1444,-69.9311,,,114.011
A0JP26,328,1,N,86.86,93.8148,100,51.9048,0.534759,0.298219,.,.,S,S,T,t,56.5575,35.1432,-174.731,-51.9911,-79.3252,,,,114.567
A0JP26,329,1,V,91.11,93.7571,17,53.619,0.10303000000000001,0.301099,.,.,C,S,,t,-59.7796,152.77,175.065,-63.0613,,,,,112.276
A0JP26,330,1,D,91.63,93.7362,71,52.5238,0.379679,0.292419,.,.,S,S,,t,-68.7414,128.525,170.047,173.922,41.0933,,,,111.14
A0JP26,331,1,V,92.45,93.6205,36,52.5714,0.218182,0.29281199999999996,.,.,C,S,S,t,-99.6673,-11.6714,179.938,-176.561,,,,,111.563
A0JP26,332,1,S,92.33,93.5191,85,57.9048,0.594406,0.312938,*,.,S,S,S,t,-88.3007,-18.0506,-178.72,69.5774,,,,,114.426
A0JP26,333,1,S,93.09,93.4519,39,58.7619,0.272727,0.314951,.,.,S,S,,t,-46.645,136.724,175.023,-77.7539,,,,,113.219
A0JP26,334,1,Q,95.17,93.3619,124,59.9524,0.5794389999999999,0.31874399999999997,*,.,S,S,B,t,-111.693,150.892,177.102,-68.4056,175.768,-57.8886,,,110.388
A0JP26,335,1,D,94.11,93.2914,16,59.9048,0.0855615,0.318495,.,.,C,S,,t,-86.8114,-174.604,171.116,80.1489,-6.50033,,,,112.977
A0JP26,336,1,L,94.45,93.281,141,63.4286,0.7382200000000001,0.340165,*,.,S,S,T,t,-65.4877,-9.76045,178.985,-67.2902,178.247,,,,114.434
A0JP26,337,1,S,93.29,93.2471,76,60.2381,0.531469,0.329897,.,.,S,S,T,t,-95.9323,0.735962,171.049,75.544,,,,,113.271
A0JP26,338,1,G,94.32,93.1105,27,57.2381,0.278351,0.318419,.,.,S,S,S,t,76.866,12.6305,-175.657,,,,,,113.541
A0JP26,339,1,Q,94.22,93.3129,66,59.0476,0.308411,0.323378,.,.,S,S,,t,-92.2381,132.167,-176.42,-67.1586,-65.7925,-88.0411,,,111.696
A0JP26,340,1,T,95.2,93.3748,25,60.9048,0.15337399999999998,0.33081699999999997,.,.,C,S,B,t,-86.2729,163.538,174.134,64.506,,,,,111.951
A0JP26,341,1,A,94.15,93.4267,1,63.9048,0.00826446,0.342279,.,.,C,S,H,t,-56.2571,-31.7597,171.777,,,,,,113.097
A0JP26,342,1,R,94.44,93.5271,112,66.2857,0.42264199999999996,0.356709,.,.,S,S,H,t,-72.1166,-40.223,178.668,-171.311,-179.614,-177.568,89.247,0.41498399999999996,112.231
A0JP26,343,1,E,94.12,93.6571,80,62.4286,0.373832,0.32938,.,.,S,S,H,t,-65.2906,-43.8914,-179.185,-71.7078,157.558,126.256,,,110.883
A0JP26,344,1,Y,93.51,93.72,39,61.6667,0.152941,0.32379399999999997,.,.,C,S,H,t,-59.4491,-39.3931,172.195,-81.1715,-62.5804,,,,113.651
A0JP26,345,1,A,94.2,93.6943,0,61.1905,0.0,0.321569,.,.,C,S,H,t,-63.685,-41.394,176.849,,,,,,111.801
A0JP26,346,1,V,94.24,93.7214,82,62.381,0.49697,0.327716,.,.,S,S,H,t,-70.0097,-47.2438,179.139,171.819,,,,,111.22
A0JP26,347,1,S,92.29,93.6938,42,55.8571,0.29370599999999997,0.29356000000000004,.,.,S,S,H,t,-63.6559,-40.9857,-179.594,59.5456,,,,,112.257
A0JP26,348,1,S,90.14,93.6757,23,53.5238,0.16083899999999998,0.27724299999999996,.,.,C,S,T,t,-82.0797,4.10173,178.012,-60.0088,,,,,113.626
A0JP26,349,1,H,91.11,93.5919,138,55.6667,0.6388889999999999,0.282323,*,.,S,S,T,t,55.4179,36.0511,179.576,-50.9556,-27.4753,,,,113.715
A0JP26,350,1,H,92.41,93.499,56,54.0,0.25925899999999996,0.273426,.,.,S,S,,t,-83.3387,72.5279,177.336,-64.3285,-25.1835,,,,110.563
A0JP26,351,1,H,92.72,93.2119,134,59.5714,0.6203700000000001,0.295522,*,.,S,S,H,t,-48.9008,-51.1154,-175.376,-62.528,-77.2382,,,,113.534
A0JP26,352,1,V,94.56,93.0129,86,65.6667,0.521212,0.323833,.,.,S,S,H,t,-59.4211,-32.6652,178.226,-177.974,,,,,112.536
A0JP26,353,1,I,95.06,92.7252,4,65.6667,0.020512799999999998,0.32689599999999996,.,.,C,S,H,t,-76.6735,-36.7293,176.441,-63.4231,-177.501,,,,110.592
A0JP26,354,1,C,94.41,92.2776,23,64.4762,0.155405,0.321333,.,.,C,S,H,t,-62.3523,-37.3199,172.484,-60.7782,,,,,111.847
A0JP26,355,1,E,94.63,91.7686,114,68.0476,0.53271,0.340791,.,.,S,S,H,t,-64.4044,-58.2371,173.011,-71.197,161.683,-177.555,,,110.281
A0JP26,356,1,L,94.68,91.2395,41,73.7619,0.21466000000000002,0.370709,.,.,C,S,H,t,-51.7037,-41.5714,177.909,-73.3714,168.898,,,,113.718
A0JP26,357,1,L,93.87,90.6386,4,73.9524,0.0209424,0.364849,.,.,C,S,H,t,-72.2445,-23.2706,177.016,-68.6175,172.221,,,,113.555
A0JP26,358,1,S,92.91,89.9271,27,76.0952,0.18881099999999998,0.37210899999999997,.,.,C,S,H,t,-81.6333,-51.7976,174.755,-54.1605,,,,,110.311
A0JP26,359,1,D,92.56,89.2224,72,78.1429,0.385027,0.386428,.,.,S,S,H,t,-44.6883,-49.5152,170.57,-100.521,58.2205,,,,112.735
A0JP26,360,1,Y,92.27,88.3257,31,75.1429,0.121569,0.38097899999999996,.,.,C,S,H,t,-66.2165,-41.506,-179.976,177.276,-96.4418,,,,111.943
A0JP26,361,1,K,89.17,86.9929,142,78.8095,0.617391,0.398229,*,.,S,S,H,t,-63.6707,-42.0737,177.395,-172.507,172.55,-178.703,175.036,,111.297
A0JP26,362,1,E,89.97,85.3948,129,78.7619,0.602804,0.402555,*,.,S,S,H,t,-62.0845,-45.1919,175.268,-70.2332,175.285,-161.063,,,111.517
A0JP26,363,1,K,88.4,83.6433,112,79.0,0.486957,0.408039,.,.,S,S,H,t,-59.6985,-39.9373,175.333,-70.3901,159.048,-162.767,163.568,,112.433
A0JP26,364,1,Q,84.72,81.2876,55,84.5238,0.257009,0.43762,.,.,S,S,H,t,-67.564,-41.8184,175.203,-68.0224,-67.8465,91.1564,,,112.37
A0JP26,365,1,M,82.82,78.659,114,88.4286,0.561576,0.46268699999999996,*,.,S,S,H,t,-62.7775,-36.0136,176.104,-65.3157,-72.1358,-68.7997,,,111.883
A0JP26,366,1,L,83.09,76.1457,120,91.1429,0.6282719999999999,0.475371,*,.,S,S,H,t,-67.4135,-42.062,175.372,-71.357,169.797,,,,112.529
A0JP26,367,1,K,81.62,73.62,86,98.2857,0.373913,0.50765,.,.,S,S,H,t,-56.0725,-52.3008,174.213,-71.2747,177.85,-172.693,170.569,,111.689
A0JP26,368,1,I,77.35,70.7719,87,105.095,0.446154,0.544086,.,.,S,S,H,t,-57.6208,-37.3477,177.616,-63.6428,164.559,,,,110.625
A0JP26,369,1,S,75.34,68.259,66,112.0,0.461538,0.577977,.,*,S,S,H,t,-66.9008,-40.3368,176.796,-55.8797,,,,,112.259
A0JP26,370,1,S,72.28,65.6805,75,118.571,0.5244759999999999,0.6031200000000001,.,*,S,S,H,t,-70.4296,-38.251,175.413,46.9602,,,,,113.549
A0JP26,371,1,E,64.42,62.9057,133,124.476,0.621495,0.635975,*,*,S,S,H,t,-64.1008,-40.3956,178.599,-72.4066,160.299,-168.975,,,111.364
A0JP26,372,1,N,59.16,60.1443,133,123.571,0.71123,0.642509,*,*,S,S,T,t,-74.8683,-3.96071,173.849,-70.7349,-61.4087,,,,114.316
A0JP26,373,1,S,57.78,57.5967,91,122.476,0.6363639999999999,0.649102,*,*,S,S,T,t,-102.315,14.9414,-177.446,-62.5721,,,,,113.68
A0JP26,374,1,N,45.59,55.271,120,125.857,0.6417109999999999,0.666635,*,*,S,S,,t,-106.79,99.6829,-173.436,-155.538,38.6099,,,,111.635
A0JP26,375,1,P,39.21,53.11,105,130.524,0.6818179999999999,0.688442,*,*,S,S,,t,-87.4539,64.5413,-163.816,36.5974,-38.0896,,,,113.527
A0JP26,376,1,E,41.85,50.8519,171,135.0,0.7990649999999999,0.707984,*,*,S,S,S,t,-118.848,11.1436,175.337,-69.1809,-161.876,135.421,,,114.508
A0JP26,377,1,Q,41.64,48.7586,191,133.333,0.892523,0.706371,*,*,S,S,,t,-123.15,10.6657,173.65,-66.4196,-164.894,-7.82359,,,115.357
A0JP26,378,1,D,34.06,46.6438,147,137.905,0.786096,0.7290639999999999,*,*,S,S,,t,-85.5273,64.8411,171.145,-98.1018,-37.9906,,,,112.141
A0JP26,379,1,L,40.14,44.5819,172,145.143,0.900524,0.7507659999999999,*,*,S,S,S,t,-167.574,42.7612,161.282,-112.23,165.964,,,,116.424
A0JP26,380,1,K,38.41,42.6805,210,149.571,0.9130429999999999,0.7684289999999999,*,*,S,S,,t,-141.277,64.2557,160.559,-140.195,-177.812,-176.445,-163.581,,113.924
A0JP26,381,1,L,34.0,41.0281,155,156.048,0.811518,0.7871389999999999,*,*,S,S,,t,-76.6041,141.517,175.183,-101.579,162.409,,,,112.411
A0JP26,382,1,T,31.18,39.4662,123,156.476,0.754601,0.7985249999999999,*,*,S,S,S,t,76.2713,146.882,167.555,71.5008,,,,,118.937
A0JP26,383,1,S,36.47,38.3757,106,155.048,0.741259,0.798956,*,*,S,S,,t,64.1759,145.761,-171.829,59.9849,,,,,115.921
A0JP26,384,1,E,39.56,37.0471,183,159.0,0.8551400000000001,0.807371,*,*,S,S,S,t,65.2962,113.396,179.223,-64.3103,164.52,-161.503,,,114.682
A0JP26,385,1,E,39.34,36.35,153,160.524,0.714953,0.81552,*,*,S,S,,c,-146.449,106.55,-3.34514,-64.1489,-176.124,110.093,,,111.903
A0JP26,386,1,E,35.4,35.9957,208,160.238,0.9719629999999999,0.8160200000000001,*,*,S,S,S,t,-77.1093,51.5673,162.102,-75.8665,-162.524,113.837,,,111.084
A0JP26,387,1,S,39.13,35.3362,85,161.048,0.594406,0.8198019999999999,*,*,S,S,,t,-157.531,76.4975,-173.387,-80.6043,,,,,114.478
A0JP26,388,1,Q,37.21,34.8738,182,158.095,0.850467,0.8171900000000001,*,*,S,S,,t,-171.236,69.755,137.695,-102.172,152.503,108.897,,,112.929
A0JP26,389,1,R,34.05,34.7529,239,160.333,0.901887,0.822925,*,*,S,S,,t,-87.8793,128.762,161.032,-162.355,176.788,-172.384,175.472,3.05301,108.033
A0JP26,390,1,L,35.41,34.1967,159,161.762,0.832461,0.821865,*,*,S,S,,t,75.4859,100.509,-177.669,-54.2116,156.898,,,,116.361
A0JP26,391,1,K,37.58,33.8024,211,161.143,0.917391,0.824599,*,*,S,S,,,-166.619,159.177,115.928,-103.313,158.776,-172.733,175.414,,112.314
A0JP26,392,1,V,31.62,33.661,142,158.619,0.860606,0.819921,*,*,S,S,,t,-114.71,128.034,179.28,172.89,,,,,108.094
A0JP26,393,1,S,36.26,33.7386,103,162.143,0.72028,0.827824,*,*,S,S,,t,168.467,121.39,139.809,56.7025,,,,,111.7
A0JP26,394,1,E,29.88,33.3319,174,165.333,0.8130839999999999,0.831021,*,*,S,S,,t,19.6347,116.415,137.685,-58.2332,169.796,160.204,,,118.588
A0JP26,395,1,N,30.95,33.1014,152,162.143,0.812834,0.8261689999999999,*,*,S,S,,,-178.461,157.344,105.422,-97.8416,-66.7161,,,,113.917
A0JP26,396,1,S,31.77,32.7167,99,161.857,0.6923079999999999,0.824834,*,*,S,S,,t,50.9603,114.488,153.5,-57.3466,,,,,121.951
A0JP26,397,1,Q,28.0,32.7395,188,158.714,0.878505,0.8132269999999999,*,*,S,S,,t,22.4521,134.266,140.958,-57.4886,-179.698,-99.7236,,,120.886
A0JP26,398,1,P,31.93,32.739,129,160.952,0.8376619999999999,0.818535,*,*,S,S,,t,-114.748,154.52,141.491,30.292,-18.254,,,,113.953
A0JP26,399,1,E,31.52,32.6919,194,157.857,0.906542,0.8022600000000001,*,*,S,S,,t,-72.1619,175.665,-171.62,-59.1992,166.771,118.572,,,114.534
A0JP26,400,1,K,28.46,32.7167,202,149.905,0.878261,0.777648,*,*,S,S,,t,-63.16,138.515,171.799,-70.857,178.283,174.094,-179.881,,111.533
A0JP26,401,1,M,30.13,33.2105,197,143.714,0.970443,0.747338,*,*,S,S,,t,-141.25,144.3,144.426,-126.04,169.951,63.3874,,,110.488
A0JP26,402,1,S,31.03,33.9005,102,135.81,0.713287,0.715112,*,*,S,S,,t,-108.279,139.526,-161.642,-47.6804,,,,,112.833
A0JP26,403,1,Q,32.81,35.0162,197,133.476,0.920561,0.690842,*,*,S,S,,t,-172.307,119.432,141.412,-103.241,150.176,16.9003,,,110.925
A0JP26,404,1,E,27.93,35.6595,173,133.333,0.808411,0.6787949999999999,*,*,S,S,,t,-108.528,144.466,168.889,-71.7273,-174.11,122.335,,,109.934
A0JP26,405,1,P,34.72,36.6733,116,125.429,0.753247,0.642385,*,*,S,S,,t,-91.6569,120.659,157.058,31.959,-25.3678,,,,110.414
A0JP26,406,1,E,31.26,37.5595,147,120.048,0.686916,0.6123569999999999,*,*,S,S,,t,-70.4045,125.021,177.916,-75.178,-147.887,166.521,,,112.954
A0JP26,407,1,I,35.88,38.5738,142,119.048,0.728205,0.596747,*,*,S,S,,t,-142.823,135.019,167.145,-57.4297,-177.422,,,,110.545
A0JP26,408,1,N,39.12,39.3762,132,113.762,0.705882,0.572047,*,*,S,S,,t,62.9131,88.0903,169.795,-68.6558,-26.5593,,,,118.66
A0JP26,409,1,K,36.22,40.3871,117,109.476,0.5086959999999999,0.541682,.,.,S,S,,t,-103.245,109.168,163.164,-76.5493,168.376,-179.387,159.962,,109.407
A0JP26,410,1,D,34.57,41.41,72,105.143,0.385027,0.5198389999999999,.,.,S,S,,t,-166.472,135.196,-162.171,-169.039,-0.19558799999999998,,,,111.589
A0JP26,411,1,C,45.78,42.5438,29,101.19,0.19594599999999998,0.5026539999999999,.,.,C,S,,t,97.196,8.5451,172.279,-54.9883,,,,,121.053
A0JP26,412,1,D,52.07,43.3286,45,94.8095,0.240642,0.470332,.,.,C,S,,t,-89.9893,-13.1049,-173.936,-69.9459,-51.5405,,,,117.468
A0JP26,413,1,R,55.05,43.4452,93,92.4286,0.350943,0.461893,.,.,S,S,H,t,-60.7549,-50.0678,177.595,-162.814,-174.409,-164.012,125.031,6.12132,116.825
A0JP26,414,1,E,49.77,43.7295,100,88.0476,0.46729000000000004,0.453022,.,.,S,S,H,t,-65.759,-12.1698,-156.326,-65.8486,177.082,131.496,,,115.972
A0JP26,415,1,V,51.17,44.0067,8,86.8095,0.048484799999999995,0.451959,.,.,C,S,H,t,-99.1125,-35.3522,179.619,173.889,,,,,110.627
A0JP26,416,1,E,49.56,43.841,39,87.1905,0.182243,0.454433,.,.,C,S,H,t,-66.7947,-37.173,178.981,-61.7806,178.866,109.649,,,110.901
A0JP26,417,1,E,53.07,43.9276,78,86.5238,0.364486,0.460107,.,.,S,S,H,t,-68.4054,-14.5182,171.982,-75.5515,-166.058,-161.869,,,114.377
A0JP26,418,1,E,44.85,43.6119,77,82.8571,0.359813,0.45734,.,.,S,S,H,t,-92.8304,-40.3897,169.701,-74.6256,-62.1896,129.096,,,111.643
A0JP26,419,1,I,53.16,43.1862,39,84.381,0.2,0.46461399999999997,.,.,C,S,H,t,-52.8982,-46.3975,171.067,-67.5066,167.901,,,,110.053
A0JP26,420,1,K,53.0,42.9362,103,84.0952,0.447826,0.474713,.,.,S,S,H,t,-65.0669,-8.04935,176.725,-66.7353,161.185,-166.673,168.301,,114.766
A0JP26,421,1,K,52.27,42.9452,119,89.9048,0.5173909999999999,0.49954699999999996,.,.,S,S,H,t,-101.855,-33.4324,176.398,-70.7079,167.745,-165.678,132.144,,113.49
A0JP26,422,1,H,46.61,42.2871,63,95.2857,0.291667,0.526377,.,.,S,S,H,t,-93.4128,-19.1378,-176.93,-56.51,-60.6083,,,,112.943
A0JP26,423,1,G,33.48,41.6114,52,100.524,0.536082,0.553561,.,*,S,S,,t,-56.0894,98.7276,172.025,,,,,,112.849
A0JP26,424,1,S,38.78,40.6152,105,101.0,0.734266,0.56694,*,*,S,S,P,t,-78.3331,147.184,-177.528,-72.9186,,,,,112.612
A0JP26,425,1,N,33.75,39.7329,147,103.667,0.786096,0.584413,*,*,S,S,P,t,-49.7089,144.994,-179.266,-70.7742,-66.1311,,,,113.143
A0JP26,426,1,P,31.24,38.8738,124,106.81,0.805195,0.618432,*,*,S,S,P,t,-58.073,128.22,175.274,25.1746,-34.3091,,,,110.659
A0JP26,427,1,V,33.08,38.0062,133,109.952,0.8060609999999999,0.651076,*,*,S,S,,t,-66.7209,107.064,-174.728,179.544,,,,,110.455
A0JP26,428,1,G,29.25,36.9824,65,111.905,0.670103,0.6733469999999999,*,*,S,S,,t,-65.9567,138.904,171.704,,,,,,112.126
A0JP26,429,1,L,30.18,36.32,164,113.095,0.8586389999999999,0.696355,*,*,S,S,,t,-69.4763,140.257,170.998,-77.2572,163.002,,,,110.323
A0JP26,430,1,P,30.97,35.3014,111,114.857,0.720779,0.7241409999999999,*,*,S,S,,t,-90.8806,94.1613,-175.206,34.4514,-33.7881,,,,112.293
A0JP26,431,1,E,34.76,34.3138,194,118.429,0.906542,0.748143,*,*,S,S,,t,-84.8674,111.783,164.604,-69.8853,-171.769,163.606,,,110.301
A0JP26,432,1,N,31.96,33.3929,142,116.095,0.759358,0.757869,*,*,S,S,,t,-100.403,125.868,161.196,-80.221,-91.3664,,,,107.903
A0JP26,433,1,L,37.88,32.7614,155,120.81,0.811518,0.785233,*,*,S,S,,,-175.962,109.013,117.817,-94.315,168.104,,,,110.733
A0JP26,434,1,T,34.13,32.761,103,125.619,0.631902,0.798667,*,*,S,S,,t,28.4012,141.64,133.383,59.8823,,,,,121.005
A0JP26,435,1,N,31.24,32.579,156,123.619,0.834225,0.7946289999999999,*,*,S,S,,c,-173.193,159.673,-0.6896059999999999,-102.555,-17.887,,,,109.71
A0JP26,436,1,G,33.13,32.7962,74,123.286,0.762887,0.7921,*,*,S,S,,t,91.7919,111.349,168.625,,,,,,113.776
A0JP26,437,1,A,31.34,32.9562,105,124.429,0.867769,0.789899,*,*,S,S,,c,82.8875,94.5784,27.2802,,,,,,115.93
A0JP26,438,1,S,31.57,33.1276,119,123.0,0.8321679999999999,0.783365,*,*,S,S,,,176.347,135.687,102.684,-165.672,,,,,114.471
A0JP26,439,1,A,30.94,33.2719,102,127.952,0.8429749999999999,0.789061,*,*,S,S,,t,43.2248,123.395,150.826,,,,,,122.57
A0JP26,440,1,G,31.77,33.3476,76,130.619,0.783505,0.787706,*,*,S,S,,t,178.222,108.363,160.418,,,,,,113.754
A0JP26,441,1,N,32.26,33.5329,178,133.952,0.9518719999999999,0.7908569999999999,*,*,S,S,,t,-84.5449,159.138,167.32,-50.3283,-41.6476,,,,109.073
A0JP26,442,1,G,32.93,33.4186,70,129.619,0.721649,0.781988,*,*,S,S,,c,145.034,154.084,-2.71394,,,,,,112.087
A0JP26,443,1,D,33.35,33.5386,162,135.095,0.86631,0.792009,*,*,S,S,,t,68.8185,143.13,163.964,-159.593,24.1952,,,,119.553
A0JP26,444,1,D,33.47,33.3476,153,137.429,0.818182,0.795601,*,*,S,S,,t,-156.418,105.311,168.923,-157.891,-4.31319,,,,110.018
A0JP26,445,1,G,34.96,33.6043,63,137.619,0.649485,0.798597,*,*,S,S,,t,-151.225,9.57192,-158.998,,,,,,117.961
A0JP26,446,1,L,38.31,33.529,140,137.952,0.732984,0.795142,*,*,S,S,,t,61.4218,116.963,162.145,-61.4025,179.431,,,,121.625
A0JP26,447,1,I,34.6,33.3167,148,140.0,0.7589739999999999,0.788608,*,*,S,S,,t,82.0417,143.314,134.135,-65.0319,170.782,,,,117.414
A0JP26,448,1,P,36.68,33.2071,103,141.667,0.668831,0.778439,*,*,S,S,,c,-126.825,149.966,5.57892,22.1533,1.38673,,,,118.19
A0JP26,449,1,Q,32.28,33.1167,169,144.095,0.7897200000000001,0.7766400000000001,*,*,S,S,,t,60.3521,115.374,134.801,-63.9959,-91.6356,-10.6334,,,121.506
A0JP26,450,1,R,31.77,33.1071,220,148.571,0.830189,0.777434,*,*,S,S,,,-177.201,134.322,98.0519,-98.5137,168.11,-176.771,-177.982,2.88047,115.192
A0JP26,451,1,K,34.86,33.2029,181,150.714,0.786957,0.777539,*,*,S,S,,t,49.2547,93.5381,147.389,-61.6237,-177.079,179.122,-175.419,,118.276
A0JP26,452,1,S,32.36,33.0662,103,149.048,0.72028,0.7686259999999999,*,*,S,S,,,86.389,112.48,67.5449,70.3698,,,,,116.638
A0JP26,453,1,R,34.48,33.0214,257,151.381,0.969811,0.769027,*,*,S,S,,,-166.757,147.27,119.664,-105.472,172.234,-176.5,-169.424,-0.12499,112.535
A0JP26,454,1,K,33.87,33.249,204,153.095,0.886957,0.771833,*,*,S,S,,t,-64.3257,171.024,-160.805,-93.4543,-167.251,167.954,-163.384,,118.224
A0JP26,455,1,P,39.52,32.9938,107,152.857,0.694805,0.770559,*,*,S,S,,t,-102.712,-171.496,-174.884,43.6926,-36.6713,,,,112.639
A0JP26,456,1,E,29.66,32.9852,163,158.81,0.761682,0.781465,*,*,S,S,,t,-173.472,144.861,131.172,-109.436,170.249,-139.642,,,113.319
A0JP26,457,1,N,28.67,32.6114,117,160.667,0.625668,0.786392,*,*,S,S,,t,61.1663,149.33,146.875,-61.6596,-35.8652,,,,120.054
A0JP26,458,1,Q,29.04,32.5371,140,163.857,0.654206,0.7904,*,*,S,S,,c,-163.607,175.028,-8.04051,-120.281,164.937,43.0759,,,111.191
A0JP26,459,1,Q,29.67,32.6733,170,167.476,0.794393,0.798013,*,*,S,S,,t,72.2877,123.6,156.877,-70.8546,154.828,-60.8221,,,120.602
A0JP26,460,1,F,30.74,33.1852,196,162.381,0.859649,0.781053,*,*,S,S,,t,-77.7399,165.231,153.699,-68.4325,-96.9326,,,,110.553
A0JP26,461,1,P,33.78,33.729,121,157.238,0.7857139999999999,0.770041,*,*,S,S,,,-131.232,168.8,123.357,22.526,-4.13693,,,,113.306
A0JP26,462,1,D,29.39,34.0967,143,156.762,0.764706,0.770617,*,*,S,S,,t,-90.9807,168.414,-169.002,-53.9262,-86.9268,,,,115.495
A0JP26,463,1,T,31.99,34.5462,119,158.81,0.730061,0.768806,*,*,S,S,,t,58.4977,118.272,156.259,49.3434,,,,,120.45
A0JP26,464,1,E,38.13,34.9376,198,151.333,0.925234,0.748089,*,*,S,S,,,-149.895,153.606,115.398,-110.245,164.313,-161.315,,,108.724
A0JP26,465,1,N,28.11,35.7824,148,146.19,0.7914439999999999,0.7303000000000001,*,*,S,S,,t,-117.085,131.983,-171.128,-56.5732,-64.7912,,,,111.353
A0JP26,466,1,E,34.78,36.1643,188,145.143,0.878505,0.722046,*,*,S,S,,t,-130.095,82.3105,165.183,-71.776,-162.285,154.348,,,111.813
A0JP26,467,1,E,30.46,37.1524,179,143.619,0.836449,0.7149249999999999,*,*,S,S,,,26.8029,90.4857,128.373,-166.194,161.038,-128.904,,,118.52
A0JP26,468,1,Y,33.04,38.491,215,143.048,0.8431369999999999,0.7068700000000001,*,*,S,S,,t,-148.693,53.7326,170.277,-111.587,-79.4569,,,,113.929
A0JP26,469,1,H,39.54,39.699,179,142.667,0.828704,0.7050900000000001,*,*,S,S,,t,-141.648,13.5357,-179.104,-90.0381,-20.8271,,,,116.038
A0JP26,470,1,S,43.03,40.6338,62,139.238,0.433566,0.691695,.,*,S,S,S,t,-83.8285,-26.456,-175.508,44.6425,,,,,115.685
A0JP26,471,1,D,43.19,41.7967,112,132.381,0.5989300000000001,0.668075,*,*,S,S,H,t,-95.6995,-44.1556,-152.356,-65.3901,3.05476,,,,114.159
A0JP26,472,1,E,42.58,42.7971,171,131.857,0.7990649999999999,0.655137,*,*,S,S,H,t,-63.2295,-33.5862,177.743,-72.0339,-173.703,124.084,,,112.89
A0JP26,473,1,Q,41.8,43.7671,146,128.714,0.6822429999999999,0.635857,*,*,S,S,H,t,-69.5545,-37.7921,174.102,-67.844,-165.009,-7.88093,,,111.441
A0JP26,474,1,N,42.7,44.6962,100,130.857,0.534759,0.637585,.,*,S,S,H,t,-63.266,-47.6444,176.829,-94.2146,-63.745400000000004,,,,112.128
A0JP26,475,1,D,51.61,45.2586,96,128.143,0.513369,0.629431,.,*,S,S,H,t,-65.6739,-36.2759,179.227,-91.0081,-25.2517,,,,112.473
A0JP26,476,1,T,47.54,46.1695,85,124.667,0.5214719999999999,0.6136539999999999,.,*,S,S,H,t,-64.622,-44.7841,173.909,-51.5022,,,,,111.474
A0JP26,477,1,Q,50.41,46.969,131,120.238,0.6121500000000001,0.618458,*,*,S,S,H,t,-74.0886,-25.7808,-179.229,-166.965,165.69,4.26046,,,112.751
A0JP26,478,1,K,56.78,48.0043,105,115.619,0.456522,0.5986509999999999,.,*,S,S,H,t,-70.0916,-47.1174,171.251,-178.966,179.065,170.372,-164.344,,111.58
A0JP26,479,1,Q,54.41,49.2938,132,107.952,0.616822,0.576484,*,*,S,S,H,t,-58.7326,-41.5991,172.491,-71.157,178.83,17.7878,,,111.776
A0JP26,480,1,L,49.3,50.2767,98,107.429,0.513089,0.5744049999999999,.,*,S,S,H,t,-66.262,-25.397100000000002,176.095,-72.3753,168.513,,,,114.221
A0JP26,481,1,S,55.16,51.4738,52,110.095,0.36363599999999996,0.583808,.,*,S,S,H,t,-92.1416,-23.1576,175.052,46.0657,,,,,113.042
A0JP26,482,1,E,54.79,52.8224,110,110.524,0.514019,0.582212,.,*,S,S,H,t,-71.2771,-38.9301,166.911,-71.7406,172.286,-172.825,,,111.095
A0JP26,483,1,E,49.76,54.0857,77,104.19,0.359813,0.553441,.,*,S,S,H,t,-58.416,-33.0149,169.381,-80.102,-164.077,165.461,,,112.378
A0JP26,484,1,Q,51.5,55.6376,164,103.143,0.766355,0.551868,*,*,S,S,H,t,-82.4839,-15.9783,-179.747,-73.7553,-178.001,6.60335,,,114.924
A0JP26,485,1,N,49.94,57.21,141,101.619,0.754011,0.546269,*,.,S,S,T,t,-100.352,5.07343,-176.814,-80.9979,-74.0435,,,,113.969
A0JP26,486,1,T,47.24,58.4367,75,101.143,0.460123,0.5437219999999999,.,.,S,S,S,t,-110.109,139.328,170.232,56.305,,,,,110.121
A0JP26,487,1,G,51.57,59.9952,95,101.238,0.979381,0.536903,*,.,S,S,,t,-74.7529,35.5276,-173.831,,,,,,115.245
A0JP26,488,1,I,52.2,61.4414,82,100.048,0.42051299999999997,0.53134,.,.,S,S,,t,-80.6342,134.214,-179.689,-59.3276,177.266,,,,108.067
A0JP26,489,1,S,60.12,62.7629,54,101.095,0.37762199999999996,0.535895,.,.,S,S,,t,-63.8701,147.635,178.765,-173.275,,,,,110.794
A0JP26,490,1,Q,60.18,63.9933,168,100.286,0.7850469999999999,0.532112,*,.,S,S,H,t,-55.6016,-33.4516,168.839,-69.7902,-173.607,-14.3999,,,111.28
A0JP26,491,1,D,68.17,65.5952,118,99.5238,0.631016,0.5277029999999999,*,.,S,S,H,t,-63.4491,-33.1362,173.594,-50.8918,-61.3012,,,,112.967
A0JP26,492,1,E,71.51,66.8933,121,101.333,0.565421,0.5304139999999999,*,.,S,S,H,t,-80.2681,-36.904,-177.371,-168.92,165.529,-147.663,,,110.716
A0JP26,493,1,I,69.11,68.23,38,100.095,0.194872,0.530179,.,.,C,S,H,t,-62.2513,-46.503,166.697,-61.7277,174.744,,,,110.396
A0JP26,494,1,L,74.39,69.7233,124,98.8095,0.649215,0.532723,*,.,S,S,H,t,-68.9796,-41.0139,-176.626,-162.031,123.977,,,,112.037
A0JP26,495,1,T,75.72,71.1338,68,95.619,0.417178,0.517814,.,.,S,S,H,t,-70.8958,-28.0,173.43,53.9848,,,,,113.291
A0JP26,496,1,N,77.37,72.6757,86,94.6667,0.459893,0.506961,.,.,S,S,H,t,-68.7237,-47.6919,170.47,-169.727,0.0833906,,,,110.969
A0JP26,497,1,K,80.27,74.2486,87,96.0,0.37826099999999996,0.507969,.,.,S,S,H,t,-61.7287,-37.9185,175.859,-71.585,172.432,-177.331,168.124,,111.522
A0JP26,498,1,Q,80.78,75.4214,106,97.0952,0.49532699999999996,0.489012,.,.,S,S,H,t,-63.2559,-42.1385,172.338,-171.777,61.8304,50.7587,,,113.291
A0JP26,499,1,K,84.53,76.5895,127,98.3333,0.5521739999999999,0.49649000000000004,*,.,S,S,H,t,-63.5351,-37.7023,175.477,-73.5584,161.224,-172.849,163.664,,111.927
A0JP26,500,1,Q,80.25,77.4186,115,99.2381,0.5373829999999999,0.502817,.,.,S,S,H,t,-66.136,-41.2672,176.745,-68.8434,173.786,37.4252,,,111.594
A0JP26,501,1,I,82.94,78.1695,82,97.1905,0.42051299999999997,0.491313,.,.,S,S,H,t,-59.9435,-49.44,172.166,-67.0974,163.642,,,,110.487
A0JP26,502,1,E,82.42,78.2167,90,96.1905,0.42056099999999996,0.48544899999999996,.,.,S,S,H,t,-61.671,-33.1275,-179.435,-161.819,-164.968,159.262,,,112.775
A0JP26,503,1,V,82.86,78.3219,84,93.9048,0.509091,0.48283299999999996,.,.,S,S,H,t,-71.0689,-44.9577,172.616,169.605,,,,,111.317
A0JP26,504,1,A,81.12,78.4219,50,96.9524,0.413223,0.49898299999999995,.,.,S,S,H,t,-63.1765,-39.9368,177.979,,,,,,112.334
A0JP26,505,1,E,81.12,78.4086,97,94.5238,0.453271,0.49237699999999995,.,.,S,S,H,t,-62.5392,-43.9978,173.535,-73.5248,177.649,164.762,,,111.8
A0JP26,506,1,K,82.32,78.3614,121,96.1429,0.526087,0.494998,.,.,S,S,H,t,-62.9769,-39.1599,174.977,-74.4475,167.139,-171.565,168.567,,111.86
A0JP26,507,1,E,80.27,78.4552,103,98.1905,0.48130799999999996,0.499807,.,.,S,S,H,t,-64.622,-44.3404,172.577,-83.0135,-157.782,-160.693,,,112.964
A0JP26,508,1,M,76.2,78.5276,118,100.238,0.5812809999999999,0.508709,*,.,S,S,H,t,-64.9652,-43.0977,178.147,-72.3482,-150.781,-65.2814,,,111.975
A0JP26,509,1,N,76.73,78.491,108,100.19,0.57754,0.508487,*,.,S,S,H,t,-64.0384,-37.5446,175.578,-72.7732,-43.3561,,,,112.173
A0JP26,510,1,S,77.53,78.32,73,98.8571,0.51049,0.504222,.,.,S,S,H,t,-62.0664,-46.6559,170.979,-175.798,,,,,111.768
A0JP26,511,1,K,75.95,78.4386,125,96.7143,0.543478,0.49645799999999995,.,.,S,S,H,t,-62.7628,-41.4958,177.059,-69.2195,160.681,-167.784,168.677,,112.121
A0JP26,512,1,L,69.16,78.4852,97,97.2381,0.507853,0.49962000000000006,.,.,S,S,H,t,-64.2245,-49.7356,175.896,-108.675,107.529,,,,112.453
A0JP26,513,1,S,73.72,78.5229,73,98.381,0.51049,0.508015,.,.,S,S,H,t,-61.7891,-35.5973,179.141,61.5072,,,,,112.49
A0JP26,514,1,L,71.21,78.5976,102,100.0,0.5340309999999999,0.504977,.,.,S,S,H,t,-72.7671,-22.031,173.863,-161.739,127.002,,,,113.195
A0JP26,515,1,S,74.11,78.8038,73,101.952,0.51049,0.505548,.,.,S,S,H,t,-75.694,-50.5982,171.166,-163.484,,,,,111.523
A0JP26,516,1,H,74.73,78.7148,102,101.0,0.472222,0.503572,.,.,S,S,H,t,-61.4482,-36.7483,177.476,-75.6796,-52.4022,,,,112.589
A0JP26,517,1,K,79.34,78.7633,129,97.9048,0.5608700000000001,0.497168,*,.,S,S,H,t,-60.994,-43.1955,174.277,-174.913,170.843,-179.537,-179.807,,112.268
A0JP26,518,1,K,81.79,78.8843,130,97.381,0.565217,0.49583000000000005,*,.,S,S,H,t,-63.0336,-38.5575,174.867,-71.6602,173.414,176.686,-178.333,,112.113
A0JP26,519,1,E,80.01,79.3229,105,93.8095,0.490654,0.47887,.,.,S,S,H,t,-63.3818,-46.2764,176.553,-175.842,176.597,-153.639,,,111.512
A0JP26,520,1,E,80.94,79.4919,99,97.5238,0.462617,0.484792,.,.,S,S,H,t,-61.6288,-42.8738,172.874,-70.7024,-172.923,-163.905,,,112.817
A0JP26,521,1,D,82.74,79.7671,70,99.5714,0.374332,0.486295,.,.,S,S,H,t,-65.9325,-39.6035,-178.94,-69.6171,-25.3148,,,,110.929
A0JP26,522,1,L,83.92,79.84,93,94.381,0.486911,0.46397499999999997,.,.,S,S,H,t,-67.0023,-32.6525,171.574,-73.3281,167.575,,,,113.117
A0JP26,523,1,L,83.21,80.3095,114,93.8095,0.596859,0.460549,*,.,S,S,H,t,-70.7648,-39.9893,173.86,-77.0209,167.53,,,,111.643
A0JP26,524,1,R,84.43,80.6957,118,92.8571,0.445283,0.457098,.,.,S,S,H,t,-60.0986,-48.2725,171.643,-75.0067,-177.235,-89.5662,-93.2314,7.01508,110.671
A0JP26,525,1,E,85.45,81.2414,91,89.8571,0.425234,0.440816,.,.,S,S,H,t,-57.3239,-47.4612,174.294,-170.335,-176.728,178.307,,,111.85
A0JP26,526,1,N,79.25,81.6538,77,87.4286,0.411765,0.421992,.,.,S,S,H,t,-63.6633,-26.3588,177.829,-90.5002,-94.8959,,,,114.164
A0JP26,527,1,S,83.34,82.0733,56,90.381,0.39160799999999996,0.428975,.,.,S,S,H,t,-71.1092,-50.8665,171.519,-157.632,,,,,110.622
A0JP26,528,1,M,82.81,82.3571,92,89.2381,0.453202,0.42844499999999996,.,.,S,S,H,t,-57.8039,-44.6131,179.414,-64.1665,-174.442,-61.9179,,,111.448
A0JP26,529,1,L,85.41,82.4248,43,85.4286,0.225131,0.41265599999999997,.,.,C,S,H,t,-62.2485,-29.3865,176.407,-67.0179,174.919,,,,113.496
A0JP26,530,1,R,80.28,82.6019,186,84.8571,0.7018869999999999,0.412477,*,.,S,S,H,t,-75.6394,-38.5742,174.712,-74.1715,170.03,-179.175,-155.041,1.62664,111.773
A0JP26,531,1,E,83.31,82.889,116,84.2381,0.542056,0.412348,.,.,S,S,H,t,-68.277,-42.6711,176.302,-69.7129,164.319,-133.139,,,110.984
A0JP26,532,1,E,77.48,83.1981,16,86.7619,0.0747664,0.421892,.,.,C,S,H,t,-50.3819,-66.0214,165.898,-178.13,-167.624,-166.99,,,109.115
A0JP26,533,1,I,79.02,83.3086,85,85.8571,0.435897,0.420325,.,.,S,S,H,t,-52.3324,-30.6819,-177.559,-72.5199,166.916,,,,113.354
A0JP26,534,1,A,81.83,83.5305,53,85.6667,0.438017,0.41467699999999996,.,.,S,S,H,t,-69.5609,-49.9693,173.154,,,,,,112.234
A0JP26,535,1,M,82.67,83.8562,39,85.0952,0.19211799999999998,0.416842,.,.,C,S,H,t,-62.5644,-37.739,176.85,-60.676,-144.082,-61.6638,,,112.216
A0JP26,536,1,L,82.77,83.9981,22,84.5238,0.115183,0.41417099999999996,.,.,C,S,H,t,-63.9761,-21.8207,178.797,-59.2859,-172.165,,,,113.912
A0JP26,537,1,R,83.54,84.369,164,84.7619,0.618868,0.415445,*,.,S,S,H,t,-78.3419,-39.1355,172.338,-69.198,166.818,-177.285,-160.601,-0.27459,111.003
A0JP26,538,1,L,85.3,84.6795,105,87.2381,0.549738,0.420829,.,.,S,S,H,t,-65.0574,-47.6042,175.546,-59.8628,174.863,,,,111.473
A0JP26,539,1,E,83.21,85.0876,50,86.7619,0.233645,0.419691,.,.,C,S,H,t,-56.5854,-39.4046,173.551,-70.0637,-179.613,170.392,,,111.687
A0JP26,540,1,L,83.73,85.2805,93,91.8571,0.486911,0.435925,.,.,S,S,H,t,-69.9842,-33.2299,177.922,179.132,60.8906,,,,112.852
A0JP26,541,1,D,86.97,85.7852,86,88.8095,0.459893,0.429649,.,.,S,S,H,t,-81.6545,-35.1539,178.338,-71.3464,-26.511400000000002,,,,112.316
A0JP26,542,1,E,89.23,86.2481,123,87.0,0.574766,0.4237,*,.,S,S,H,t,-65.3614,-43.2124,169.793,-174.511,176.897,173.648,,,111.385
A0JP26,543,1,T,86.24,87.0162,74,91.7143,0.453988,0.443949,.,.,S,S,H,t,-66.1886,-31.4142,177.652,49.3961,,,,,112.974
A0JP26,544,1,K,87.87,87.5852,110,92.2381,0.478261,0.446635,.,.,S,S,H,t,-61.4438,-49.6085,166.2,-73.406,165.714,-161.358,158.554,,111.258
A0JP26,545,1,H,91.27,88.0981,106,94.4762,0.490741,0.450708,.,.,S,S,H,t,-61.7245,-42.819,-178.722,-174.018,58.0129,,,,112.35
A0JP26,546,1,Q,88.43,88.6,79,98.9048,0.36915899999999996,0.47093199999999996,.,.,S,S,H,t,-62.0622,-38.0328,173.732,-73.6365,-72.3786,-16.6286,,,112.798
A0JP26,547,1,N,87.04,89.1081,82,102.714,0.438503,0.48814399999999997,.,.,S,S,H,t,-69.3311,-42.9474,174.047,-74.1562,-27.4761,,,,111.549
A0JP26,548,1,Q,89.86,89.5619,108,99.5238,0.5046729999999999,0.48236199999999996,.,.,S,S,H,t,-61.6258,-39.0437,176.277,-167.616,177.991,13.8228,,,112.236
A0JP26,549,1,L,91.38,89.9824,82,100.476,0.429319,0.48399899999999996,.,.,S,S,H,t,-61.0394,-39.2915,171.602,-84.4366,161.67,,,,112.59
A0JP26,550,1,R,89.46,90.4738,150,100.286,0.5660379999999999,0.488191,*,.,S,S,H,t,-70.2269,-40.9934,175.899,-68.988,165.528,-173.452,-171.593,1.55605,111.939
A0JP26,551,1,E,90.88,90.9614,122,100.19,0.570093,0.49126699999999995,*,.,S,S,H,t,-61.1817,-46.55,175.289,-72.546,172.926,169.052,,,110.913
A0JP26,552,1,N,93.03,91.361,78,102.0,0.417112,0.49504099999999995,.,.,S,S,H,t,-57.6976,-47.5911,173.996,-70.3814,-9.2472,,,,112.021
A0JP26,553,1,K,93.61,91.5714,115,101.095,0.5,0.490813,.,.,S,S,H,t,-62.9246,-37.0894,177.699,-172.35,171.022,-171.475,-77.6938,,112.952
A0JP26,554,1,I,90.97,91.9495,96,103.714,0.49230799999999997,0.49590199999999995,.,.,S,S,H,t,-66.8776,-37.0732,175.222,-71.4667,164.608,,,,110.572
A0JP26,555,1,L,92.6,92.1962,100,103.857,0.52356,0.5013000000000001,.,.,S,S,H,t,-63.8634,-46.6564,173.074,-69.1977,166.115,,,,111.539
A0JP26,556,1,E,93.21,92.3162,132,103.381,0.616822,0.5018659999999999,*,.,S,S,H,t,-57.5824,-43.5012,174.731,-69.5034,171.773,-179.469,,,112.485
A0JP26,557,1,E,93.44,92.5852,102,104.333,0.476636,0.504784,.,.,S,S,H,t,-64.799,-40.9203,176.352,-74.8838,177.609,-162.203,,,111.742
A0JP26,558,1,I,93.07,92.8019,97,103.19,0.497436,0.506729,.,.,S,S,H,t,-64.0366,-42.7243,174.803,-72.8491,166.054,,,,111.262
A0JP26,559,1,E,94.13,92.9743,125,101.81,0.584112,0.501988,*,.,S,S,H,t,-66.9532,-39.3896,177.39,-70.0024,-163.224,145.86,,,112.039
A0JP26,560,1,S,93.53,93.0043,46,103.571,0.32167799999999996,0.508024,.,.,S,S,H,t,-62.1068,-38.7025,173.057,-167.527,,,,,112.573
A0JP26,561,1,V,93.97,93.0567,91,101.905,0.551515,0.509741,*,.,S,S,H,t,-69.7506,-41.2683,174.721,170.141,,,,,111.146
A0JP26,562,1,K,95.36,92.9795,124,101.048,0.53913,0.509077,.,.,S,S,H,t,-60.5489,-44.3367,176.156,179.389,-174.732,173.08,-168.77,,112.025
A0JP26,563,1,E,93.65,92.8538,104,102.762,0.485981,0.514582,.,.,S,S,H,t,-56.0078,-49.9849,171.555,-95.8876,-133.221,124.982,,,112.251
A0JP26,564,1,K,94.18,92.5933,129,101.619,0.5608700000000001,0.511022,*,.,S,S,H,t,-62.1857,-38.963,-179.319,-71.2918,160.117,-175.203,148.304,,111.204
A0JP26,565,1,L,93.05,92.2814,113,99.2381,0.591623,0.505682,*,.,S,S,H,t,-65.9432,-44.6496,176.594,-155.197,81.02,,,,111.816
A0JP26,566,1,L,93.79,91.7657,96,99.2857,0.502618,0.505931,.,.,S,S,H,t,-61.8458,-44.8978,176.535,-73.2141,166.886,,,,111.912
A0JP26,567,1,K,94.08,91.1776,99,96.8095,0.43043499999999996,0.49993000000000004,.,.,S,S,H,t,-62.5314,-38.1751,176.125,-69.9097,164.725,-173.495,173.025,,111.491
A0JP26,568,1,A,91.59,90.5605,58,98.381,0.47933899999999996,0.5051829999999999,.,.,S,S,H,t,-68.2563,-36.5184,174.257,,,,,,113.201
A0JP26,569,1,I,93.48,89.6833,79,99.0,0.405128,0.513631,.,.,S,S,H,t,-64.0655,-49.5786,175.128,-70.5709,161.491,,,,110.341
A0JP26,570,1,Q,92.01,88.3,119,97.7619,0.556075,0.518783,*,.,S,S,H,t,-57.699,-44.5056,178.27,-71.3972,-178.667,-50.1999,,,112.476
A0JP26,571,1,L,90.56,86.5071,115,105.143,0.602094,0.5525500000000001,*,*,S,S,H,t,-62.2561,-31.363,175.859,-72.6563,170.617,,,,112.873
A0JP26,572,1,N,89.26,86.134,104,105.85,0.55615,0.552601,*,*,S,S,H,t,-78.0938,-35.0541,178.066,-156.399,38.7817,,,,111.961
A0JP26,573,1,E,90.39,85.6484,114,104.895,0.53271,0.5533100000000001,.,*,S,S,H,t,-66.1455,-41.5197,170.654,-68.6343,172.991,161.357,,,111.458
A0JP26,574,1,E,88.14,85.2039,91,104.944,0.425234,0.557051,.,*,S,S,H,t,-61.6173,-37.544200000000004,170.303,-85.4378,-164.089,-134.544,,,112.886
A0JP26,575,1,A,84.42,84.6759,46,103.529,0.380165,0.5568259999999999,.,*,S,S,H,t,-68.6268,-47.8165,175.858,,,,,,111.191
A0JP26,576,1,L,81.77,84.1525,101,102.938,0.5287959999999999,0.554651,.,*,S,S,H,t,-59.0197,-44.0266,178.981,-79.4096,164.484,,,,112.613
A0JP26,577,1,T,80.86,83.51,80,103.4,0.49079799999999996,0.5581200000000001,.,*,S,S,H,t,-64.0397,-43.5881,175.432,46.0598,,,,,111.842
A0JP26,578,1,K,80.48,82.755,135,103.714,0.586957,0.567241,*,*,S,S,H,t,-65.279,-19.6977,174.553,-69.4493,163.51,-161.437,162.876,,114.156
A0JP26,579,1,T,74.65,82.0754,110,107.231,0.674847,0.574002,*,*,S,S,T,t,-95.3043,-0.638361,172.667,54.7276,,,,,114.555
A0JP26,580,1,S,65.08,81.125,99,109.583,0.6923079999999999,0.588075,*,*,S,S,,t,-110.294,9.8511,179.854,-53.5765,,,,,112.901
A0JP26,581,1,I,55.88,80.1355,201,108.727,1.03077,0.590984,*,*,S,S,,t,-121.56,,177.75,-60.6252,169.414,,,,107.367
